time,材料2,材料4,材料5,材料7,材料8,材料10,材料11,材料13,材料55,材料21,材料22
1050,3.4459400000000002,3.96064,4.20535,3.8633025,3.887795,4.0991275,4.427355,3.4211899999999997,3.456625,3.519655,3.52047
1051,3.4390633333333334,3.9846833333333334,4.1578333333333335,4.304703333333333,3.8357733333333335,3.86687,4.21976,3.4162166666666667,3.5222,3.627336666666667,3.8014433333333333
1052,3.3457299999999996,3.990193333333334,4.2802066666666665,4.0735133333333335,3.8377266666666667,4.072346666666667,4.592036666666666,3.40054,3.4567799999999997,3.401196666666667,3.5975800000000002
1053,3.5208933333333334,3.9997733333333336,4.15044,3.7577000000000003,3.864993333333333,3.86642,4.414723333333334,3.3462599999999996,3.4677966666666666,3.49445,3.7649833333333333
1054,3.49335,3.9509566666666665,4.177576666666667,4.3314433333333335,3.845993333333333,4.021986666666667,4.489196666666667,3.38892,3.565576666666667,3.45415,3.5155600000000002
1055,3.322926666666667,3.9415999999999998,4.210273333333333,3.911246666666667,3.8354999999999997,3.7108066666666666,4.554003333333333,3.4883699999999997,3.515363333333333,3.344193333333333,3.87458
1056,3.4864200000000003,3.805476666666667,4.150413333333334,4.089146666666667,3.9229333333333334,4.044693333333334,4.47438,3.47531,3.704006666666667,3.3765133333333335,3.72814
1057,3.42286,3.9898066666666665,4.253393333333333,4.342223333333333,3.827036666666667,4.01406,4.69462,3.488353333333333,3.4899966666666664,3.3194866666666667,3.6981066666666664
1058,3.4501825,3.89634,4.20105,3.8847549999999997,3.915445,3.84032,4.570327499999999,3.486145,3.6098974999999998,3.423545,3.8956925
1059,3.4591,4.000649999999999,4.255076666666667,4.31932,3.8525000000000005,4.005923333333333,4.618073333333333,3.44795,3.340106666666667,3.32166,3.73103
1060,3.4194400000000003,3.932453333333333,4.2421,4.113256666666667,3.8990733333333334,3.68784,4.460156666666667,3.4797333333333333,3.5393433333333335,3.4135266666666664,3.5754333333333332
1061,3.5093133333333335,3.89467,4.222643333333333,3.947526666666666,3.9288000000000003,4.09403,4.8470933333333335,3.3773,3.4402000000000004,3.3976966666666666,3.86326
1062,3.5907366666666665,3.9495233333333335,4.30009,4.043856666666667,3.88529,3.6732,4.313123333333333,3.48395,3.5558033333333334,3.505733333333333,3.8678933333333334
1063,3.3664025,3.7543075,4.1815025,4.0568675,3.917295,3.94276,4.6807225,3.468315,3.327595,3.36037,3.7626075
1064,3.57978,3.9069566666666664,4.317256666666666,4.047096666666667,3.9397033333333336,3.633626666666667,4.2649566666666665,3.5055833333333335,3.6130133333333334,3.475123333333333,3.80865
1065,3.29783,3.7265933333333336,4.17311,4.166136666666667,3.9357733333333336,3.814776666666667,4.696313333333333,3.4825966666666663,3.40389,3.4079300000000003,3.7189099999999997
1066,3.4336800000000003,3.814496666666667,4.30716,3.8945700000000003,3.9761200000000003,3.6820133333333334,4.416413333333334,3.420616666666666,3.472136666666666,3.43952,3.892576666666667
1067,3.427913333333333,3.8906566666666667,4.2247433333333335,4.03005,3.9570900000000004,3.74901,4.5712399999999995,3.3226666666666667,3.4131433333333336,3.4581866666666663,3.8663600000000002
1068,3.489803333333333,3.8685566666666666,4.286639999999999,4.200516666666666,3.9415533333333332,3.7895566666666665,4.743346666666667,3.2622066666666663,3.4010266666666666,3.4868799999999998,3.8715333333333333
1069,3.3852175,3.9043475,4.2705475,3.8944025,3.9125625,3.6611025,4.455215,3.2733725,3.3999800000000002,3.4702175,3.805875
1070,3.535026666666667,3.8733466666666665,4.280083333333334,4.24997,3.8938233333333336,3.79064,4.64761,3.2223900000000003,3.2425200000000003,3.53932,3.8442899999999995
1071,3.3716433333333335,3.829933333333333,4.270056666666666,3.9509566666666665,3.8906333333333336,3.6985466666666666,4.51771,3.269463333333333,3.415156666666667,3.5147,3.805213333333333
1072,3.5427999999999997,3.85185,4.2337533333333335,3.755943333333333,3.9191800000000003,3.8846333333333334,5.108696666666667,3.2048799999999997,3.3634633333333332,3.5289066666666664,3.915863333333333
1073,3.5325466666666667,3.951026666666666,4.310053333333333,3.971513333333333,3.8872,3.719936666666667,4.689493333333334,3.23908,3.4276466666666665,3.4894933333333333,3.903613333333334
1074,3.28223,3.857326666666667,4.241056666666666,4.15046,3.882013333333333,3.818756666666667,4.789643333333333,3.2843666666666667,3.4334466666666668,3.6186666666666665,3.8201099999999997
1075,3.5887100000000003,3.971033333333333,4.0823833333333335,4.03794,3.872453333333333,3.721493333333333,4.52518,3.2578033333333334,3.4338266666666666,3.4883566666666668,3.93018
1076,3.3176375,3.9869,4.0305675,4.0989875,3.84856,3.926205,4.92877,3.2081425,3.4151475,3.485435,3.9332275
1077,3.617483333333334,4.004666666666666,4.001153333333334,3.8987933333333333,3.9136333333333333,3.7366533333333334,4.67668,3.222746666666667,3.5048733333333337,3.481666666666667,3.963573333333333
1078,3.3523333333333327,4.0732,3.9950766666666673,3.7832166666666667,3.8734300000000004,3.904363333333333,5.173253333333333,3.2287033333333333,3.478756666666667,3.439686666666667,4.029433333333333
1079,3.43745,4.066786666666666,3.88697,4.04378,3.9603099999999998,3.8589933333333337,4.583056666666667,3.1805733333333333,3.5297033333333334,3.4658499999999997,3.9111533333333335
1080,3.4770725000000002,3.9439575,3.9904375,3.9101625,3.9124325,3.7492875,5.0328475,3.2775525,3.569605,3.46997,3.964955
1081,3.3840300000000005,4.04845,3.883623333333334,4.174286666666666,3.9197233333333332,3.8206399999999996,4.730146666666666,3.21964,3.578886666666667,3.4845566666666663,3.87933
1082,3.5597333333333334,4.021293333333333,3.964563333333334,4.07808,3.9289166666666673,3.6842466666666667,4.915913333333333,3.349703333333333,3.58194,3.503576666666666,4.033556666666667
1083,3.5125033333333335,4.03757,3.9275300000000004,3.7413166666666666,4.0080366666666665,3.9931433333333337,4.920470000000001,3.24898,3.6066866666666666,3.486466666666667,3.914266666666667
1084,3.314773333333333,3.9185433333333335,3.8606599999999998,4.005406666666667,3.95996,3.7379266666666666,5.383976666666666,3.28768,3.51841,3.47546,3.9126833333333333
1085,3.534565,4.067125,3.9382325000000002,3.8653075,4.02006,3.89779,4.5875525,3.2420225,3.5598475,3.5163450000000003,3.879225
1086,3.2517100000000005,4.031393333333333,3.8797266666666665,3.9138,4.0271566666666665,3.7288133333333335,5.0194833333333335,3.2609,3.5203933333333333,3.47292,3.966613333333333
1087,3.53947,3.9886533333333336,3.95129,4.038096666666667,4.020776666666666,3.6548366666666667,4.754686666666667,3.29016,3.520073333333333,3.52188,3.76118
1088,3.3517500000000005,3.9135799999999996,3.8877633333333335,3.8549299999999995,4.037863333333333,3.8030033333333333,4.839416666666667,3.2174333333333336,3.44408,3.5617266666666665,4.099456666666667
1089,3.4697533333333332,3.9067399999999997,3.9224866666666665,3.6614733333333334,4.042913333333334,3.8324199999999995,4.571096666666667,3.3408333333333338,3.5637266666666663,3.392716666666667,3.95724
1090,3.3250166666666665,3.9718966666666664,3.95585,4.052356666666667,4.009643333333333,3.8662433333333333,5.170846666666667,3.3340033333333334,3.4650933333333334,3.6512466666666668,3.92498
1091,3.4957325,3.852545,3.9509275,3.604535,4.0326425,3.7760025,4.237674999999999,3.3534475,3.4664625,3.4198825,3.9894374999999997
1092,3.3754033333333333,4.029516666666667,3.9942100000000003,3.97965,3.999693333333333,4.06792,5.352196666666667,3.3739666666666666,3.403586666666667,3.586873333333333,3.9042100000000004
1093,3.592893333333333,4.0056,3.9888399999999997,3.7685866666666663,4.0348766666666664,3.718446666666667,4.32057,3.3267133333333336,3.363113333333333,3.452413333333334,4.0761666666666665
1094,3.476226666666667,3.8536133333333336,4.010383333333333,3.639013333333333,3.987886666666667,3.9621433333333336,4.72872,3.2588633333333337,3.46622,3.5526,3.8396566666666665
1095,3.312343333333333,3.8648666666666665,4.004556666666667,3.592283333333333,4.101533333333333,3.8516399999999997,4.439186666666667,3.314443333333333,3.220423333333333,3.4791633333333336,4.205586666666666
1096,3.564515,3.8797125,4.0213175,3.8991625,4.0714075,3.8272075,4.8183875,3.258955,3.4093425,3.46461,3.7979950000000002
1097,3.2789633333333335,3.8928766666666665,4.004003333333333,3.63767,4.085443333333333,3.8811466666666665,4.248493333333333,3.3772366666666667,3.29894,3.4620266666666666,4.1528366666666665
1098,3.5476166666666664,3.919916666666667,4.045153333333333,3.729646666666667,4.101493333333333,3.780483333333333,5.132840000000001,3.3460699999999997,3.4719800000000003,3.544943333333334,3.90537
1099,3.300153333333333,3.7290433333333333,4.050353333333333,3.81749,4.128023333333334,4.055986666666667,3.846156666666667,3.4353433333333334,3.3737833333333334,3.4745633333333337,4.015070000000001
1100,3.4019033333333333,3.950483333333333,4.02187,3.4647733333333335,4.116253333333334,3.9540900000000003,4.616713333333333,3.3720733333333333,3.451303333333333,3.5522033333333334,4.16976
1101,3.422755,3.69462,4.084265,3.87739,4.10598,3.9234125000000004,4.2200375,3.4200150000000002,3.4322975000000002,3.55546,3.9365799999999997
1102,3.4202,3.938416666666667,4.07763,3.481863333333333,4.097343333333333,3.902206666666667,4.581026666666666,3.340643333333334,3.5701533333333337,3.6143699999999996,4.131336666666667
1103,3.315606666666666,3.8593500000000005,4.1238133333333336,3.8444766666666665,4.08599,3.857153333333333,4.2661533333333335,3.4013933333333335,3.4963866666666665,3.4901433333333336,3.9169033333333334
1104,3.479616666666667,3.9181233333333334,4.066816666666667,3.5962666666666667,4.08393,3.8153733333333335,4.695916666666666,3.35209,3.5260666666666665,3.5520766666666668,4.234096666666667
1105,3.4677433333333334,3.9149333333333334,4.172256666666667,3.81818,4.094256666666666,4.066846666666667,4.3109866666666665,3.425386666666667,3.53708,3.497263333333333,4.00845
1106,3.2611166666666667,3.854813333333333,4.149186666666666,3.5548966666666666,4.117513333333334,3.5953766666666667,4.383746666666666,3.48686,3.5458,3.6471866666666664,4.143163333333333
1107,3.543086666666667,3.8500433333333333,4.141696666666667,3.7207166666666667,3.9758066666666667,3.8940966666666665,4.66301,3.3590533333333332,3.3515866666666665,3.49079,4.157446666666666
1108,3.3118075,3.7849175,4.1731125,3.7026950000000003,4.09656,3.7381475,4.13032,3.4899675,3.300625,3.5202725,4.1477375
1109,3.537406666666667,3.912736666666667,4.1570833333333335,3.6375766666666665,4.010513333333333,3.83754,4.995123333333333,3.3545599999999998,3.326086666666667,3.4919433333333334,4.1919933333333335
1110,3.3221600000000002,3.880943333333333,4.09288,3.97871,4.041336666666666,3.72798,4.07328,3.4513466666666663,3.2651233333333334,3.4492433333333334,4.16804
1111,3.3828133333333334,3.78181,4.199583333333333,3.4334233333333333,4.009026666666667,3.9680999999999997,4.767726666666667,3.4475499999999997,3.1780399999999998,3.4540433333333334,4.149906666666666
1112,3.43853,3.9806833333333334,4.192246666666667,3.8452366666666666,4.026956666666666,3.7318366666666667,4.153803333333333,3.490386666666667,3.2380899999999997,3.5527633333333335,4.2262933333333335
1113,3.4284366666666664,3.6082066666666663,4.09204,3.61725,4.046433333333334,3.8562099999999995,4.823026666666666,3.441613333333333,3.0690333333333335,3.4949,4.29044
1114,3.3584125,3.61149,4.213675,3.69604,4.0037,3.8032674999999996,4.3197375000000005,3.478575,3.2332225,3.5436725,4.183695
1115,3.3707499999999997,3.6409633333333336,4.11568,3.6463699999999997,4.03528,3.9642766666666667,4.992346666666667,3.4192133333333334,3.06367,3.5308166666666665,4.3450033333333336
1116,3.3288333333333333,3.647073333333333,4.294326666666667,3.5084133333333334,4.0201633333333335,3.9090933333333333,4.2168833333333335,3.477786666666667,3.306426666666667,3.6164366666666665,4.045593333333334
1117,3.3528533333333335,3.7033666666666663,4.185313333333333,3.759143333333333,3.998633333333333,3.836786666666667,4.53357,3.378263333333333,3.0725866666666666,3.5454933333333334,4.532376666666667
1118,3.39264,3.69857,4.239566666666667,3.6836366666666667,3.966393333333333,3.9186599999999996,4.55546,3.414123333333334,3.28243,3.57438,4.21281
1119,3.2724466666666667,3.6129433333333334,4.152746666666666,3.925943333333333,3.9593233333333337,4.001983333333333,4.604146666666666,3.3428733333333334,3.13908,3.50144,4.205516666666667
1120,3.2529633333333337,3.59746,4.309373333333333,3.689363333333333,3.9288633333333336,4.01891,4.870503333333333,3.46284,3.30013,3.55385,4.482743333333333
1121,3.3731275,3.7734875,4.2345725,3.782715,3.943715,3.9597249999999997,4.49527,3.4652475,3.2269975,3.5103125,4.052985
1122,3.2107799999999997,3.723986666666667,4.2685233333333334,3.8805133333333335,3.910623333333333,4.061373333333333,4.3198099999999995,3.481756666666667,3.2400866666666666,3.50483,4.512153333333333
1123,3.286296666666667,3.933256666666667,4.271416666666666,3.7327066666666666,3.8741966666666663,4.005299999999999,4.869343333333333,3.477396666666667,3.2615933333333333,3.5031833333333338,4.063726666666667
1124,3.2311566666666667,3.9834033333333334,4.179623333333333,3.8615099999999996,3.81944,3.9570933333333334,4.123453333333334,3.4516500000000003,3.2249166666666667,3.5583833333333335,4.27794
1125,3.2264433333333336,3.8882266666666667,4.290793333333333,3.4857033333333334,3.7765766666666667,3.9331599999999995,4.7962533333333335,3.4732033333333336,3.352883333333333,3.4988799999999998,4.167486666666666
1126,3.2707924999999998,3.8830925,4.19843,3.98182,3.878075,4.0220825,4.4084,3.3496875,3.3135875,3.54211,4.2631775
1127,3.2244466666666667,3.7249833333333338,4.31074,3.6340966666666668,3.8306799999999996,3.8597799999999993,4.609633333333334,3.4453866666666664,3.396876666666666,3.550153333333333,4.278323333333334
1128,3.2010166666666664,3.83135,4.25667,4.005133333333333,3.9436366666666665,4.01438,4.259273333333334,3.3566933333333338,3.33189,3.5111900000000005,4.273343333333333
1129,3.21119,3.815,4.266126666666667,3.8654166666666665,3.9467033333333332,3.856363333333333,4.317726666666666,3.548643333333333,3.457496666666666,3.5632699999999997,4.310603333333334
1130,3.1952166666666666,3.811393333333333,4.203573333333334,3.6598100000000002,3.99105,4.08665,4.61592,3.44444,3.4000466666666664,3.437203333333333,4.01012
1131,3.05341,3.68717,4.301513333333333,4.085813333333333,4.000846666666667,4.053966666666667,4.184956666666666,3.5297533333333333,3.410603333333333,3.4883066666666664,4.4583466666666665
1132,3.26978,3.8737025,4.2291549999999996,3.7089950000000003,3.931505,3.9122975,4.5139675,3.489365,3.3992825,3.44798,4.1591000000000005
1133,3.0460666666666665,3.8356033333333333,4.306243333333334,4.168769999999999,4.005353333333333,4.09282,4.235423333333333,3.5050733333333333,3.44806,3.3928833333333337,4.401536666666666
1134,3.32841,3.9626866666666665,4.3221533333333335,3.83249,3.96833,3.9073033333333336,4.870133333333333,3.4479100000000003,3.30237,3.439826666666667,4.167773333333333
1135,3.1396333333333337,3.904193333333333,4.196976666666667,3.983773333333333,3.9451033333333334,4.163843333333333,3.9983333333333335,3.37478,3.5326,3.3648566666666664,4.247170000000001
1136,3.05922,3.90432,4.255769999999999,3.664213333333333,4.01153,3.73258,4.81748,3.4972733333333337,3.40761,3.489786666666667,4.122843333333333
1137,3.2211425,3.89048,4.2470175,4.1764375000000005,3.99223,4.088815,4.10289,3.4260025,3.3346,3.3924825,4.2879475
1138,3.0414366666666663,3.9816900000000004,4.25253,3.612133333333333,4.05939,3.7484300000000004,4.70466,3.5210566666666665,3.4779400000000003,3.4702333333333333,4.30048
1139,3.2172199999999997,3.955823333333333,4.301613333333333,4.31497,4.010596666666667,3.8732666666666664,4.14215,3.4051500000000003,3.3693833333333334,3.4596966666666664,4.038366666666667
1140,3.11584,3.806836666666667,4.11071,3.897096666666666,3.98594,3.90797,4.777793333333334,3.4857366666666665,3.4664966666666666,3.36046,4.08287
1141,3.1952200000000004,3.801716666666666,4.174589999999999,3.8836266666666663,4.027653333333333,4.11213,3.9635366666666663,3.488723333333333,3.39986,3.4331666666666667,3.68969
1142,2.9933533333333333,3.839486666666667,4.121403333333333,3.94371,3.9743833333333334,4.055346666666667,4.846263333333333,3.437976666666667,3.4305299999999996,3.434473333333333,3.6555366666666664
1143,3.3268966666666664,3.9475866666666666,4.073696666666667,4.34147,3.9495533333333337,3.969896666666667,4.195806666666667,3.429783333333333,3.3798933333333334,3.32117,3.5910466666666667
1144,3.0008125,3.7607275,4.0193625,3.8910875,4.0189825,4.0567425,4.5077625,3.4201675,3.37682,3.4823425,3.4316325
1145,3.3314533333333336,3.8144233333333335,3.9660499999999996,4.233996666666667,3.9645166666666665,4.023746666666667,4.466636666666667,3.4392,3.32774,3.4880566666666666,3.4806033333333333
1146,3.1016,3.741286666666667,3.88945,4.10598,3.9908566666666663,3.96813,4.994416666666667,3.4546233333333336,3.2946166666666663,3.5518033333333334,3.32774
1147,3.1516533333333334,3.8977233333333334,3.8541000000000003,3.6351633333333333,4.089856666666667,3.90394,4.189863333333332,3.5049966666666665,3.322086666666667,3.5607466666666667,3.600936666666667
1148,3.0940999999999996,3.912243333333334,3.9742599999999997,4.3167366666666664,4.017533333333334,3.85429,5.005153333333333,3.4147200000000004,3.3711266666666666,3.62128,3.3101033333333336
1149,3.3026575,3.7178825,3.77603,3.8147575,3.9830425,4.061780000000001,4.2393025,3.33738,3.311775,3.5787775,3.46805
1150,3.1544366666666668,3.8811166666666668,3.9263600000000003,4.329759999999999,3.9371566666666666,3.9789100000000004,4.869986666666667,3.06885,3.3978300000000004,3.618736666666667,3.3312900000000005
1151,3.328493333333333,3.6968433333333337,3.7477366666666665,3.9999366666666667,3.924583333333333,3.714173333333333,4.1501166666666665,3.1485133333333337,3.4428533333333333,3.62473,3.3981966666666668
1152,3.2754933333333334,3.6649966666666667,3.8458433333333333,4.097246666666667,3.910626666666667,4.107653333333333,4.487916666666667,2.986003333333333,3.339786666666667,3.6182133333333333,3.4589933333333334
1153,3.24151,3.81991,3.82588,3.9117533333333334,3.88142,4.020823333333333,4.707070000000001,2.9484866666666663,3.3334999999999995,3.6671333333333336,3.4827666666666666
1154,3.2725866666666668,3.78514,3.744146666666667,4.306486666666666,3.9272733333333334,3.7999833333333335,4.2081333333333335,2.9082933333333334,3.4251633333333333,3.6789533333333337,3.427096666666667
1155,3.30312,3.7118225000000002,3.831015,4.1138449999999995,3.9189025,4.0330224999999995,4.7001275,2.8770375,3.3556375000000003,3.6311,3.5132025000000002
1156,3.22008,3.766833333333333,3.769223333333333,4.246883333333334,3.91286,3.82789,4.062676666666667,2.87635,3.420313333333333,3.6477466666666665,3.4761966666666666
1157,3.4473800000000003,3.6804399999999995,3.8291633333333337,4.2014933333333335,3.9340566666666668,4.11416,4.8483833333333335,2.83527,3.3457833333333333,3.6135599999999997,3.549606666666667
1158,3.2844433333333334,3.8413500000000003,3.818583333333333,4.062436666666667,3.97827,3.65664,3.9570066666666666,2.9411633333333334,3.45397,3.6954166666666666,3.6882933333333336
1159,3.2015966666666666,4.046186666666666,3.9058766666666664,4.35302,3.9385033333333332,4.017040000000001,4.987659999999999,2.8379066666666666,3.3082433333333334,3.6374433333333336,3.465343333333333
1160,3.3547,3.730045,3.8441125,4.2982724999999995,3.972845,3.8181525,4.0497724999999996,2.8396974999999998,3.3831825,3.6724575,3.6691725
1161,3.1990266666666667,3.7868,3.96922,4.336513333333333,3.955033333333333,4.029253333333333,4.84782,2.7470699999999995,3.3388500000000003,3.540286666666667,3.5114
1162,3.429906666666666,3.7251766666666666,3.89479,4.4124,3.964143333333334,3.8397733333333335,3.92932,2.816826666666666,3.39577,3.640026666666667,3.5230866666666665
1163,3.1996333333333333,3.73335,3.94135,4.2947999999999995,3.9809133333333335,4.100156666666667,4.8755033333333335,2.7924633333333335,3.40809,3.558526666666667,3.6429733333333334
1164,3.25404,3.8998266666666663,3.99164,4.412036666666666,3.9675833333333332,3.9909033333333332,4.049306666666666,2.8658533333333334,3.4234566666666666,3.516476666666667,3.57225
1165,3.303505,3.7243475,3.9122625,4.30926,3.960895,3.8893500000000003,4.8346725,2.81573,3.4298450000000003,3.522715,3.5652125
1166,3.326556666666667,3.9061733333333333,3.9751766666666666,4.354866666666667,3.8808100000000003,3.90611,4.119183333333333,2.8776500000000005,3.4967133333333336,3.405146666666667,3.5914966666666666
1167,3.2592200000000005,3.770846666666667,3.9023333333333334,4.266006666666667,3.888996666666667,3.8341766666666666,4.816463333333334,2.917406666666667,3.4025700000000003,3.4764033333333337,3.571806666666667
1168,3.4965233333333336,3.9523266666666665,3.912036666666667,4.326396666666667,3.9335733333333334,3.96393,3.72742,2.8366399999999996,3.595693333333333,3.42045,3.6184066666666665
1169,3.35683,3.9333066666666667,4.034606666666666,4.22103,3.9601400000000004,3.785483333333333,4.659433333333333,2.8040299999999996,3.477626666666667,3.35678,3.5348966666666666
1170,3.182236666666667,3.992046666666667,3.9003766666666664,4.356796666666667,3.8335266666666663,3.8673633333333335,4.548346666666666,2.803093333333333,3.53326,3.38381,3.75028
1171,3.469785,4.0164625,4.0255975,4.135005,3.8565975,3.9398325,4.39872,2.7694975,3.416935,3.356805,3.7183975
1172,3.28272,3.94244,3.91166,4.490176666666667,3.812656666666667,3.8962966666666667,4.82573,2.8285733333333334,3.4392833333333335,3.4103766666666666,3.8078233333333333
1173,3.5026999999999995,3.811633333333333,4.00586,4.077826666666667,3.85507,3.905883333333333,4.1852,2.7699866666666666,3.334606666666667,3.3479333333333336,3.65605
1174,3.239573333333333,3.835436666666667,3.983886666666667,4.310296666666667,3.865683333333333,4.059073333333333,4.862606666666667,2.8378333333333337,3.51323,3.3924533333333335,3.874146666666667
1175,3.258203333333333,4.048163333333333,3.9629600000000003,4.158483333333334,3.8817,3.9082933333333334,4.1911266666666664,2.90525,3.2812666666666668,3.3476466666666664,3.88397
1176,3.444383333333333,3.9332333333333334,4.024306666666667,4.28406,3.871093333333333,3.9213733333333334,4.951816666666667,2.9295666666666667,3.4062866666666665,3.4306466666666666,3.7231466666666666
1177,3.2537925000000003,3.9869624999999997,4.0144225,4.133825,3.87108,3.791465,4.2307125,2.9569099999999997,3.2484325,3.4745925,4.02341
1178,3.51333,3.895196666666667,4.022279999999999,4.254736666666666,3.902233333333333,3.9797166666666666,4.751123333333333,2.97274,3.2706700000000004,3.473943333333333,3.8627000000000002
1179,3.315986666666667,4.0120499999999995,4.029903333333333,4.088926666666667,3.8737666666666666,3.7570666666666668,4.217960000000001,2.9664533333333334,3.2000166666666665,3.5282400000000003,4.079506666666667
1180,3.2597400000000003,3.9417266666666664,4.068116666666666,4.4434933333333335,3.903086666666667,3.812056666666667,5.037466666666667,2.9562833333333334,3.358506666666667,3.645296666666667,4.0168333333333335
1181,3.3531166666666667,3.9669666666666665,4.03704,4.108273333333334,3.8990633333333338,3.7193433333333332,4.276549999999999,2.940236666666667,3.179043333333333,3.47127,4.053253333333333
1182,3.3547466666666668,3.86513,4.057753333333333,4.32722,3.9052466666666668,3.98151,4.888706666666667,2.9299233333333334,3.2159166666666668,3.6035766666666667,3.93337
1183,3.2673075000000003,3.9300325,4.0366875,4.162915,3.83684,3.64637,4.3612400000000004,2.9451275,3.3015975,3.5635375,4.094855
1184,3.360276666666667,3.93493,4.0651633333333335,4.339426666666667,3.8336,3.951756666666667,4.8172,3.003496666666667,3.3000633333333336,3.6509933333333335,3.8886000000000003
1185,3.386533333333333,3.8868566666666666,4.060603333333334,4.00734,3.8577133333333333,3.8624066666666668,4.11825,3.0043666666666664,3.2145233333333336,3.489786666666667,4.24567
1186,3.2442933333333333,4.047523333333333,3.9542800000000002,4.365546666666667,3.8691266666666664,3.610333333333333,5.190076666666667,3.098133333333333,3.350213333333333,3.5946599999999997,3.92197
1187,3.6041733333333332,3.9949166666666667,4.101136666666666,4.121276666666667,3.82645,4.009306666666666,3.9762800000000005,3.0881600000000002,3.09658,3.57701,4.02363
1188,3.2541599999999997,3.96523,4.0397025,4.210865,3.9546574999999997,3.641,4.9507075,3.1168424999999997,3.3300475,3.4645375,4.086515
1189,3.6069533333333332,4.001243333333334,4.114616666666667,4.197753333333333,3.90264,3.862156666666667,3.95239,3.0692133333333333,3.2449066666666666,3.4416700000000002,4.147123333333333
1190,3.3434933333333334,3.924193333333333,4.06307,4.3275966666666665,3.951686666666667,3.637983333333333,4.57387,3.12661,3.4051066666666667,3.4130466666666663,4.081016666666667
1191,3.27692,4.031210000000001,4.10996,4.141023333333333,3.9997633333333336,3.7179866666666666,4.3412033333333335,3.028496666666667,3.23494,3.42746,4.1476033333333335
1192,3.5619,3.8697166666666667,4.085823333333333,4.32369,3.9637,3.63299,4.403173333333334,3.1251233333333333,3.3897,3.3345966666666667,3.97714
1193,3.316413333333333,3.8206933333333333,4.11366,4.217783333333333,3.98677,3.8929566666666666,4.5811166666666665,3.112573333333333,3.3526666666666665,3.5324766666666663,4.137136666666667
1194,3.4886525,3.990155,4.0926825000000004,4.163285,3.9484975,3.62932,4.318755,3.1098925,3.3833625,3.3128375,4.0434225
1195,3.33282,3.81635,4.12675,4.297466666666667,3.9767799999999998,3.856806666666667,4.52197,3.15203,3.3877133333333336,3.4983133333333334,4.104970000000001
1196,3.388006666666667,3.87755,4.1222433333333335,4.401033333333333,3.9739566666666666,3.7554466666666664,4.289183333333334,3.0461500000000004,3.4118,3.2716966666666667,4.091550000000001
1197,3.49785,3.9610066666666666,4.083023333333333,4.160666666666667,3.9221533333333327,3.575953333333333,4.701853333333333,3.1710966666666667,3.3172833333333336,3.5334233333333334,4.084266666666667
1198,3.527153333333333,3.844466666666667,4.204113333333333,4.45089,3.8919533333333334,3.87992,3.936670000000001,3.14171,3.3240533333333335,3.4063766666666666,4.249786666666666
1199,3.4396566666666666,3.846293333333333,4.135576666666666,4.196773333333334,3.879823333333333,3.50625,4.8062233333333335,3.0624366666666667,3.4045733333333335,3.430516666666667,4.074416666666667
1200,3.393596666666667,3.9238699999999995,4.14096,4.277456666666667,3.9391766666666665,3.6908366666666663,4.032413333333333,3.192876666666667,3.2997433333333333,3.47019,3.9885599999999997
1201,3.5319925000000003,3.779655,4.174905,4.318630000000001,3.89535,3.6058,4.6474325,3.14886,3.3149525,3.4896675,4.17864
1202,3.428193333333333,3.908253333333333,4.160403333333334,4.318676666666666,3.9443933333333328,3.4963266666666666,3.99079,3.2762166666666666,3.302153333333333,3.4671,4.268036666666666
1203,3.5197633333333336,3.819173333333333,4.164293333333333,4.319726666666667,3.9117533333333334,3.5889,4.730543333333333,3.171226666666667,3.2632766666666666,3.4859533333333332,4.089653333333334
1204,3.4739533333333337,3.8432399999999998,4.22956,4.427543333333333,3.87093,3.6571,4.0498666666666665,3.2411600000000003,3.31344,3.4915800000000004,4.381076666666666
1205,3.469855,3.9656775,4.160880000000001,4.3176275,3.94348,3.4537475,4.6210975,3.1899975,3.2829425,3.501935,4.1451775
1206,3.4945133333333334,3.88992,4.25104,4.327723333333333,3.9097100000000005,3.58529,4.00725,3.20809,3.29847,3.4624066666666664,4.4141699999999995
1207,3.273593333333333,3.9027100000000003,4.148693333333333,4.37274,3.9549,3.5327900000000003,4.4917300000000004,3.1945300000000003,3.2803566666666666,3.506083333333333,4.2711733333333335
1208,3.6401300000000005,3.9487066666666664,4.247753333333333,4.358383333333333,3.8483666666666667,3.57292,4.452206666666666,3.2205766666666666,3.33047,3.3977533333333336,4.233673333333333
1209,3.4349333333333334,3.76642,4.243276666666667,4.440083333333333,3.8929066666666667,3.528206666666667,4.264336666666667,3.3389633333333335,3.3744866666666664,3.55302,4.324926666666666
1210,3.3393033333333335,3.9011833333333334,4.1708066666666666,4.33894,3.9346200000000002,3.4764,4.895016666666667,3.2235933333333335,3.44127,3.4974833333333333,4.342466666666667
1211,3.55827,3.767835,4.1925125,4.3689599999999995,3.85385,3.527535,4.1405175,3.38574,3.41242,3.536195,4.359565
1212,3.4009433333333328,3.9916866666666664,4.21697,4.351166666666667,3.863416666666667,3.51239,4.76547,3.27889,3.390553333333333,3.645593333333333,4.447556666666666
1213,3.56447,3.746923333333333,4.14058,4.239073333333334,3.90084,3.50316,4.023006666666666,3.3797599999999997,3.3946066666666668,3.57142,4.3025400000000005
1214,3.45322,3.73048,4.17977,4.657446666666666,3.86577,3.661996666666667,4.739606666666666,3.29086,3.324583333333333,3.653356666666667,4.425656666666666
1215,3.5346100000000003,3.76123,4.244366666666667,4.135316666666667,3.81714,3.5592966666666666,4.008626666666667,3.41069,3.6816433333333336,3.599013333333333,4.382926666666667
1216,3.4591475,3.817035,4.116960000000001,4.3521975,3.9258025,3.54277,4.6615625,3.3412825,3.387365,3.6775325,4.2292275
1217,3.484993333333333,3.952973333333333,4.267119999999999,4.117186666666666,3.838973333333333,3.5831866666666663,3.92515,3.3866866666666664,3.44392,3.546696666666667,4.163413333333334
1218,3.4160633333333337,3.9203333333333332,4.062166666666666,4.47218,3.88706,3.49814,4.861046666666667,3.325536666666667,3.39959,3.723713333333333,4.088653333333333
1219,3.6230233333333337,4.004956666666667,4.19717,4.158846666666666,3.867646666666667,3.7453,4.091906666666667,3.3002933333333337,3.3790633333333333,3.5576333333333334,3.8043166666666663
1220,3.5046099999999996,3.82765,4.146723333333333,4.49184,3.910133333333333,3.4051733333333334,4.682326666666667,3.33581,3.4088999999999996,3.6434599999999997,3.8347533333333335
1221,3.386763333333333,3.8385200000000004,4.00768,4.153379999999999,3.925383333333333,3.5744566666666664,4.452256666666666,3.2615433333333335,3.3435699999999997,3.6275633333333333,3.5657433333333337
1222,3.5637899999999996,3.76552,4.0107333333333335,4.1465733333333334,3.899036666666667,3.5286733333333338,4.41998,3.3152066666666666,3.47308,3.5245766666666665,3.722813333333333
1223,3.407095,3.8339925,4.0147125,4.382945,3.893935,3.6587175,4.476515,3.3642025,3.36585,3.520165,3.45867
1224,3.6191899999999997,3.85055,4.00241,4.19428,3.9022233333333336,3.5269099999999995,4.506036666666667,3.4244566666666665,3.45652,3.61214,3.6872566666666664
1225,3.50248,3.8555499999999996,3.9800633333333333,4.22482,3.9062733333333335,3.8498566666666663,4.225806666666666,3.4513233333333333,3.3693066666666667,3.51282,3.368973333333333
1226,3.49559,3.78835,4.077179999999999,4.20569,3.836653333333333,3.563446666666666,4.391753333333334,3.4809566666666663,3.4366233333333334,3.47832,3.66577
1227,3.5814075,4.01755,3.92218,4.1613025,3.9376675,3.6121125,4.180905,3.48481,3.320185,3.5568025,3.4180625
1228,3.5088333333333335,4.022243333333333,4.039103333333333,4.266143333333333,3.90816,3.515143333333333,4.51067,3.470306666666667,3.3979633333333332,3.4707400000000006,3.6951133333333335
1229,3.606453333333333,4.109063333333333,3.96744,3.93904,3.927756666666667,3.5515066666666666,4.40757,3.4302333333333337,3.3068733333333333,3.655416666666667,3.4179666666666666
1230,3.6610099999999997,4.030536666666666,3.9470766666666663,4.254546666666666,3.940823333333333,3.66924,3.9958666666666667,3.4220666666666664,3.3181366666666663,3.47352,3.55432
1231,3.519833333333333,4.0016766666666665,3.986413333333333,4.1148,3.9718633333333333,3.38077,4.807659999999999,3.42418,3.2209866666666667,3.706,3.5218866666666666
1232,3.60839,3.916715,3.9573150000000004,4.171620000000001,3.93778,3.66294,3.9710275,3.4246499999999997,3.28068,3.5860675,3.5522425
1233,3.5138933333333333,3.88604,3.9348300000000003,4.0945366666666665,4.012816666666667,3.412293333333333,4.721336666666667,3.48342,3.3172433333333333,3.67699,3.5336166666666666
1234,3.6235999999999997,3.9452833333333337,3.9920633333333337,4.196026666666667,3.926633333333333,3.51802,3.84915,3.5349533333333336,3.2405866666666667,3.6940766666666662,3.6606233333333336
1235,3.571013333333333,4.03672,3.9205,4.100463333333333,3.921143333333333,3.51421,4.82991,3.4955533333333335,3.370976666666667,3.6365266666666667,3.548493333333333
1236,3.61643,4.052683333333333,4.0175,4.226633333333333,3.9332100000000003,3.6871733333333334,3.8580633333333334,3.52853,3.2379866666666666,3.5932866666666663,3.5541400000000003
1237,3.51017,4.01419,3.958903333333333,4.303676666666667,3.9160799999999996,3.4457766666666667,4.789113333333334,3.4676733333333334,3.331,3.6751,3.6725899999999996
1238,3.663513333333333,4.10715,3.9367666666666667,3.9452666666666665,3.8929833333333335,3.7395099999999997,4.278173333333334,3.4662400000000004,3.3198266666666663,3.6247833333333332,3.6254333333333335
1239,3.4190225,3.855625,4.0415875,4.449645,3.92128,3.445505,4.5152575,3.48625,3.306485,3.52979,3.680905
1240,3.643473333333333,4.045696666666667,3.9663633333333337,3.9284,3.9785833333333334,3.8173966666666668,4.1522966666666665,3.45421,3.3129766666666662,3.5879966666666667,3.699426666666666
1241,3.505266666666667,3.9063300000000005,4.00979,4.550730000000001,3.9479,3.4791900000000004,4.48867,3.3981,3.3051033333333333,3.487213333333333,3.902146666666667
1242,3.3443199999999997,3.8069966666666666,4.039503333333333,3.9409899999999998,3.975156666666667,3.63517,4.231026666666667,3.411493333333333,3.3719699999999997,3.40977,3.6997966666666664
1243,3.5290866666666667,3.8951499999999997,4.024183333333333,4.355806666666666,3.951303333333333,3.5170700000000004,4.3692166666666665,3.504913333333333,3.3252233333333336,3.5499233333333335,3.9633766666666665
1244,3.3574675,3.80193,4.0952775,4.1364975,3.9466825,3.6901200000000003,4.4243125,3.4772525,3.3626325,3.4574775,3.85837
1245,3.496183333333333,3.85215,3.995013333333333,4.51503,3.9782933333333332,3.5112833333333335,4.480003333333333,3.540596666666667,3.349276666666667,3.2912233333333334,3.9315233333333333
1246,3.412663333333333,3.8421233333333333,4.087273333333333,4.083043333333333,3.9651566666666667,3.73887,4.302573333333333,3.5147766666666667,3.377803333333333,3.444853333333333,4.01783
1247,3.41699,3.7351300000000003,4.119853333333333,4.502163333333333,3.9394500000000003,3.6608466666666666,4.61327,3.4761933333333332,3.57038,3.4082966666666668,4.006703333333333
1248,3.3682499999999997,3.8672466666666665,4.069859999999999,4.163016666666667,3.979293333333333,3.5334499999999998,4.47483,3.5160199999999997,3.3796533333333336,3.3355433333333333,3.991373333333333
1249,3.467485,3.686525,4.0529675,4.2899375,3.9100824999999997,3.6667975000000004,4.3484625,3.4201875,3.3331875,3.4191625,4.01398
1250,3.472775,3.944145,4.15142,4.1306650000000005,3.884945,3.55161,4.77095,3.5036300000000002,3.4002499999999998,3.362155,4.113505
1251,3.385795,3.92445,4.10247,4.161637499999999,3.9175649999999997,3.73993,4.0574025,3.4342224999999997,3.379885,3.371625,4.0369525
1252,3.372206666666667,3.9311299999999996,4.209936666666667,4.21871,3.934956666666667,3.532503333333333,4.855196666666667,3.4898233333333337,3.3190799999999996,3.412703333333333,3.9687299999999994
1253,3.3080466666666672,3.882573333333333,4.14176,4.065423333333333,3.9611033333333334,3.5580533333333335,3.928093333333333,3.44277,3.39035,3.4258366666666666,4.040756666666667
1254,3.4638933333333335,3.9799733333333336,4.185663333333333,4.3162899999999995,4.001169999999999,3.5045699999999997,4.981683333333334,3.4116166666666667,3.39327,3.3561866666666664,4.0444233333333335
1255,3.368975,3.9336474999999997,4.174905,4.01929,3.9254925,3.63406,3.9872975,3.39294,3.35183,3.458855,4.0318125
1256,3.48863,3.8469249999999997,4.157895,4.306615000000001,3.93452,3.852325,4.756525,3.34875,3.4213500000000003,3.31073,4.2038899999999995
1257,3.4226275,3.992035,4.1445775000000005,3.99282,3.97152,3.48615,4.405635,3.31327,3.2410775000000003,3.49891,4.068065
1258,3.3706866666666664,3.9164866666666662,4.2092133333333335,4.236043333333334,3.9157766666666665,3.7286633333333334,4.69839,3.2788566666666665,3.4407433333333337,3.4479066666666665,4.130856666666666
1259,3.4334633333333335,3.96451,4.111363333333333,4.02798,3.902413333333333,3.5025999999999997,4.189416666666666,3.26597,3.15044,3.46961,4.042416666666667
1260,3.508923333333333,3.95924,4.151813333333333,4.100063333333334,3.91333,3.7210966666666665,4.735566666666666,3.2264733333333333,3.32708,3.553763333333334,4.09516
1261,3.4594466666666666,3.975466666666667,4.131703333333333,4.230536666666667,3.9218399999999995,3.416373333333333,4.462343333333333,3.1342766666666666,3.1592599999999997,3.4995099999999995,4.007093333333334
1262,3.394223333333333,3.9320199999999996,4.19146,3.9924,3.948116666666666,3.47787,4.330163333333334,3.1829066666666663,3.4342,3.442603333333333,4.1625966666666665
1263,3.48143,3.8993349999999998,4.102685,4.1940875,3.908235,3.61837,4.537075,3.1592525,3.172905,3.4581025,3.9947375000000003
1264,3.4275566666666664,3.883656666666667,4.196636666666667,3.9211466666666666,3.953466666666667,3.5554200000000002,4.70688,3.20341,3.5688366666666664,3.3717133333333336,4.011046666666666
1265,3.4729233333333336,3.81208,4.126123333333333,4.070796666666667,3.9721266666666666,3.43744,4.361453333333333,3.2109900000000002,3.0204533333333337,3.44619,4.060383333333333
1266,3.5482533333333333,3.8113466666666667,4.17583,4.080883333333333,3.9665966666666663,3.7197333333333336,4.92727,3.2293866666666666,3.3574466666666667,3.324866666666667,4.000789999999999
1267,3.3676266666666663,3.751323333333333,4.19053,4.164316666666667,3.87295,3.57192,4.402566666666666,3.2204200000000003,3.25085,3.29975,4.085346666666666
1268,3.47502,3.8425200000000004,4.126716666666667,4.163189999999999,3.9107800000000004,3.4421733333333333,4.754919999999999,3.219583333333333,3.144346666666667,3.414203333333333,3.91305
1269,3.4311325,3.746455,4.2202874999999995,4.05406,3.8807074999999998,3.55243,4.069145,3.19756,3.354205,3.316185,4.1727375
1270,3.4384266666666665,4.001853333333334,4.15118,4.1549233333333335,3.9322233333333334,3.47062,4.852946666666667,3.2304166666666667,3.227233333333333,3.4107233333333333,3.9722166666666667
1271,3.483026666666667,3.847996666666667,4.224556666666667,4.030076666666667,3.9128133333333337,3.6391566666666666,4.29966,3.2489399999999997,3.414376666666667,3.2433533333333333,4.187616666666667
1272,3.5600066666666668,3.89531,4.195366666666667,4.296343333333334,3.93398,3.4164100000000004,4.677716666666666,3.2761766666666667,3.31472,3.5727966666666666,4.139076666666667
1273,3.3563433333333332,3.8654433333333333,4.173043333333333,4.154636666666667,3.9374233333333333,3.451826666666667,4.276496666666667,3.295196666666667,3.4260933333333337,3.30565,4.24104
1274,3.577995,3.9306825,4.213605,4.1332450000000005,3.9555075000000004,3.5432025,4.618297500000001,3.3067325,3.38985,3.47926,4.177485
1275,3.3621199999999996,3.8007666666666666,4.149736666666667,4.250406666666667,4.02097,3.5494,4.293333333333334,3.3734933333333337,3.3983233333333334,3.4048200000000004,4.229573333333334
1276,3.56317,3.9675399999999996,4.176316666666667,4.108856666666667,3.9985500000000003,3.454383333333334,4.75685,3.2979333333333334,3.420313333333333,3.5173233333333336,4.139076666666667
1277,3.4868133333333335,3.910486666666667,4.18008,4.17098,4.008816666666667,3.7531266666666667,4.578026666666667,3.3023833333333332,3.35598,3.54574,4.18506
1278,3.52596,3.975263333333333,4.13028,4.3196666666666665,3.9795166666666666,3.4767733333333335,4.486833333333333,3.355,3.5121333333333333,3.5434033333333335,4.301903333333333
1279,3.4321966666666666,3.738523333333333,4.1213033333333335,4.239053333333334,4.01181,3.6742000000000004,4.75875,3.30607,3.327783333333333,3.6595999999999997,4.09739
1280,3.492786666666667,3.9410966666666667,4.170016666666666,4.2709,3.9554066666666667,3.5606966666666664,4.257723333333334,3.3446700000000003,3.152723333333333,3.5633466666666664,4.178483333333333
1281,3.4489324999999997,3.7839075,4.15465,4.23428,4.0271475,3.5869525,4.8115875,3.3604775,3.3253925,3.68472,4.0886425
1282,3.474466666666667,3.7545,4.18772,4.236523333333333,3.9478066666666667,3.482253333333334,4.185256666666667,3.32839,3.2040699999999998,3.624166666666667,4.0691033333333335
1283,3.4580233333333332,3.8173566666666665,4.205063333333333,4.216476666666667,4.01759,3.29653,5.012863333333333,3.4323099999999998,3.341533333333333,3.6775133333333336,4.1435466666666665
1284,3.3901000000000003,3.8252099999999998,4.096316666666667,4.36403,4.038333333333333,3.39785,3.9509233333333333,3.465856666666667,3.253436666666667,3.66961,4.129963333333333
1285,3.520353333333333,3.687656666666667,4.171246666666666,4.10546,4.020936666666667,3.3913500000000005,4.819626666666667,3.41751,3.3083066666666667,3.7432533333333335,4.245183333333333
1286,3.462876666666667,3.842003333333333,4.198856666666667,4.16481,4.064463333333333,3.3777266666666663,4.279156666666666,3.4115,3.270986666666667,3.5937866666666665,4.09293
1287,3.431545,3.816215,4.098605,4.120595,4.0078375,3.3662925,4.709065,3.396775,3.3874475,3.6155074999999997,4.22877
1288,3.455,3.852746666666667,4.179279999999999,4.18075,4.05801,3.344746666666667,4.20274,3.38869,3.34146,3.603073333333333,4.076126666666667
1289,3.3455733333333337,3.8392733333333333,4.07895,4.106323333333333,4.1048599999999995,3.27199,4.71941,3.434366666666667,3.4333233333333335,3.550606666666667,4.261333333333333
1290,3.52903,3.8734366666666666,4.1089166666666666,4.22895,4.073806666666666,3.4559466666666663,4.25199,3.3832366666666664,3.3129166666666667,3.56545,4.144966666666667
1291,3.4774100000000003,3.711176666666667,4.1895,4.093563333333333,4.090536666666667,3.417896666666666,4.676053333333333,3.4611366666666665,3.4394466666666665,3.5566166666666668,4.145356666666667
1292,3.402036666666666,3.7360433333333334,4.14084,4.182953333333334,4.07294,3.289,4.3458033333333335,3.5126233333333334,3.3383966666666667,3.599526666666667,4.063283333333334
1293,3.4503500000000003,3.7599075,4.1937425,4.0483425,4.0975325,3.393315,4.6384525,3.51104,3.498745,3.5922125,4.1402149999999995
1294,3.4413866666666664,3.7409433333333335,4.168256666666667,4.221443333333333,4.007443333333334,3.3452266666666666,4.297276666666666,3.5569733333333335,3.3540233333333336,3.6592966666666666,4.048613333333333
1295,3.4431,3.794596666666667,4.190336666666667,4.073973333333334,4.079303333333333,3.3342766666666663,4.394206666666666,3.509373333333333,3.4388233333333336,3.59137,4.14025
1296,3.46813,3.83135,4.26679,4.067053333333334,4.016966666666667,3.3882066666666666,4.726083333333333,3.45782,3.3699933333333334,3.6443933333333334,4.18738
1297,3.5120133333333334,3.6918633333333335,4.1873000000000005,4.17901,4.00866,3.454126666666667,4.350543333333333,3.4522166666666667,3.3708066666666667,3.4497766666666667,3.9914733333333334
1298,3.405663333333333,3.9542,4.211413333333334,4.071940000000001,4.085983333333334,3.2749666666666664,4.84717,3.474626666666667,3.321066666666667,3.540143333333333,4.14555
1299,3.5864425,3.61377,4.2167775,4.183865,3.9692024999999997,3.4697725,4.4853625,3.4423,3.1400275,3.56549,4.04856
1300,3.4608733333333332,3.88212,4.215163333333333,3.943203333333333,4.0945,3.305846666666667,4.44417,3.5133500000000004,3.2707433333333333,3.477133333333333,4.2355833333333335
1301,3.579966666666667,3.6075199999999996,4.159933333333334,4.245593333333333,4.047706666666667,3.5573933333333336,4.550136666666667,3.5254600000000003,3.174163333333334,3.6059933333333336,4.152373333333333
1302,3.604616666666667,3.7936266666666665,3.9061866666666667,4.007639999999999,4.023206666666667,3.275776666666667,4.807316666666666,3.5461766666666663,3.094203333333333,3.47302,4.132023333333334
1303,3.4564466666666664,3.6145300000000002,3.8000966666666667,4.161686666666667,4.117,3.37503,4.311963333333334,3.579613333333333,3.22116,3.626293333333333,4.1187933333333335
1304,3.59955,3.79908,3.7132199999999997,4.114905,4.0032675,3.3891825,4.6449125,3.5192975,3.099225,3.434845,4.1760874999999995
1305,3.442466666666667,3.727686666666667,3.6245133333333333,4.078946666666666,4.051903333333333,3.3874866666666663,4.612573333333334,3.5419633333333334,3.091746666666667,3.5439333333333334,4.118543333333334
1306,3.599016666666667,3.856476666666667,3.50942,4.09206,3.95693,3.29867,4.965696666666666,3.475146666666667,3.1056966666666668,3.5099533333333333,4.302146666666666
1307,3.5269366666666664,3.833376666666666,3.53341,4.2608,3.9893533333333333,3.50438,4.31522,3.4604966666666663,3.1588766666666666,3.36293,4.271763333333333
1308,3.553106666666667,3.8495066666666666,3.5221366666666665,4.084033333333333,3.970513333333333,3.43899,4.920486666666666,3.424243333333333,3.0624066666666665,3.52764,4.064073333333333
1309,3.5715875,3.9466075,3.391555,4.1959425,3.996865,3.36214,4.4353425,3.3961925,3.2476025,3.4303075,4.261235
1310,3.55435,3.85947,3.4455000000000005,4.1015033333333335,3.9992933333333336,3.4319666666666664,4.831226666666667,3.4362866666666663,3.1081266666666667,3.45943,4.038303333333333
1311,3.4618333333333333,3.97549,3.33363,4.120166666666666,4.027476666666666,3.2935,4.277713333333334,3.3903733333333332,3.2771833333333333,3.5018133333333332,4.225796666666667
1312,3.669083333333333,3.879583333333333,3.34337,4.24096,4.0505233333333335,3.58595,5.090493333333334,3.3496366666666666,3.2146066666666666,3.4465066666666666,4.191463333333333
1313,3.5519966666666662,3.8741233333333334,3.3716899999999996,4.158346666666667,4.137496666666666,3.2816666666666663,4.381793333333333,3.34683,3.201283333333333,3.524506666666667,4.224906666666667
1314,3.4973033333333334,3.7007366666666663,3.3196133333333333,4.251013333333333,4.179726666666667,3.3642966666666667,4.9243033333333335,3.316883333333333,3.29154,3.4438366666666664,4.218473333333333
1315,3.6091325,3.7322325,3.3461125,4.13023,4.133765,3.448465,4.4723925,3.2739450000000003,3.26391,3.28595,4.2992875
1316,3.494543333333333,3.576826666666667,3.3272933333333334,4.32236,4.12021,3.421673333333333,4.9578999999999995,3.2568599999999996,3.33403,3.4977866666666664,4.237356666666667
1317,3.65927,3.8602733333333332,3.28445,4.164633333333334,4.060183333333334,3.3921166666666664,4.350293333333333,3.2558466666666668,3.243793333333333,3.2904533333333332,4.32095
1318,3.50952,3.69632,3.3300199999999998,4.34361,4.01512,3.49809,4.94016,3.24591,3.4054233333333332,3.4516766666666663,4.41063
1319,3.5244766666666667,3.73996,3.40047,4.281016666666667,4.074876666666667,3.4997933333333333,4.091693333333334,3.2917199999999998,3.28327,3.344773333333333,4.25768
1320,3.5588125,3.84776,3.3324875,4.18395,4.0309875,3.4283575,4.86935,3.3546525,3.40942,3.4447200000000002,4.4861450000000005
1321,3.538843333333334,3.6492,3.4397233333333332,4.255363333333333,4.1101366666666665,3.551353333333333,3.9676533333333333,3.36895,3.2727633333333337,3.44507,4.252176666666666
1322,3.5822900000000004,3.991516666666667,3.33133,4.093793333333333,4.064683333333333,3.4355999999999995,4.809336666666667,3.3689733333333334,3.444976666666667,3.3713266666666666,4.48029
1323,3.696196666666667,3.6888133333333335,3.4783000000000004,4.3265666666666664,4.059463333333333,3.62264,4.308943333333333,3.360963333333333,3.1206566666666666,3.4440733333333333,4.1543
1324,3.569456666666667,3.8956533333333336,3.4302266666666665,4.136196666666667,4.108546666666666,3.3725566666666666,4.670693333333333,3.34552,3.4284133333333333,3.4766366666666664,4.26436
1325,3.6261775000000003,3.7375075,3.4921425,4.14015,4.1053774999999995,3.5029775,4.3461275,3.3365850000000004,3.3230675,3.498945,4.1251525
1326,3.5659000000000005,3.818213333333333,3.489036666666667,4.143023333333333,4.139213333333333,3.41963,4.836773333333333,3.2786066666666667,3.43684,3.52842,3.9897733333333334
1327,3.60867,3.62863,3.53994,4.05447,4.053143333333334,3.3873433333333334,4.419756666666667,3.3194866666666663,3.4284366666666664,3.5825599999999995,3.93315
1328,3.7797599999999996,3.8218300000000003,3.552046666666667,4.169043333333334,4.030436666666667,3.458223333333333,4.44369,3.366623333333333,3.2734466666666666,3.5260533333333335,4.023243333333333
1329,3.6024100000000003,3.6976033333333334,3.6309733333333334,4.22407,4.029553333333333,3.503106666666666,4.73247,3.33565,3.47296,3.58591,3.475293333333333
1330,3.58823,3.7494366666666665,3.5888333333333335,4.14787,3.997996666666667,3.44885,4.45723,3.398873333333333,3.3632299999999997,3.5437099999999995,3.42436
1331,3.6441233333333334,3.7469699999999997,3.5790133333333336,4.090073333333334,3.9711666666666665,3.4104666666666668,5.038813333333334,3.3802966666666667,3.2555366666666665,3.66269,3.43849
1332,3.68899,3.60133,3.6712474999999998,4.067775,4.002195,3.457975,4.36537,3.4551475,3.4013475,3.52909,3.286845
1333,3.6575900000000003,3.792346666666667,3.59352,4.13286,3.9631833333333333,3.4377999999999997,5.057733333333333,3.4611199999999998,3.30397,3.7493433333333335,3.171286666666667
1334,3.8028066666666667,3.7022133333333334,3.719416666666667,4.1872766666666665,3.9606700000000004,3.56719,4.2174233333333335,3.4423899999999996,3.388873333333333,3.5288799999999996,3.41179
1335,3.6330933333333335,3.5420266666666667,3.6789500000000004,4.22062,3.91816,3.39831,5.104756666666667,3.4038466666666665,3.3234333333333335,3.7164966666666666,3.1430833333333332
1336,3.5826466666666668,3.5144366666666667,3.717206666666667,4.12717,3.8754933333333335,3.3313233333333336,4.701863333333333,3.446476666666667,3.432313333333333,3.695346666666667,2.96292
1337,3.7820766666666668,3.6289166666666666,3.7732233333333336,4.0990633333333335,3.8445533333333337,3.4642,4.626556666666667,3.39347,3.3317833333333335,3.6439566666666665,3.3716433333333335
1338,3.68652,3.401386666666667,3.7478466666666663,4.12007,3.921723333333334,3.4995766666666666,4.840183333333333,3.4066433333333332,3.385313333333334,3.6183600000000005,3.0746866666666666
1339,3.6686925,3.6723875,3.74861,4.2341575,3.86914,3.37546,4.615315,3.47806,3.342165,3.7122775,3.1463975
1340,3.65297,3.4655833333333335,3.8080266666666667,4.19128,3.946643333333333,3.4695533333333337,4.662946666666667,3.4907766666666666,3.4267300000000005,3.6244866666666664,3.0979666666666668
1341,3.6325333333333334,3.8000433333333334,3.7681400000000003,4.335046666666667,3.9443966666666666,3.4181933333333334,4.94226,3.6070499999999996,3.2918633333333336,3.697673333333333,3.097576666666667
1342,3.627713333333334,3.951026666666666,3.7935533333333336,4.102963333333333,3.9071599999999997,3.5250833333333333,4.526513333333333,3.5028,3.4853233333333336,3.5871399999999998,3.1043299999999996
1343,3.7718900000000004,3.857326666666667,3.8447366666666665,4.340813333333333,3.9362433333333335,3.3136766666666664,4.703116666666667,3.5011433333333333,3.3534,3.628883333333333,3.2978466666666666
1344,3.5982025,3.9987649999999997,3.8129975,4.1815750000000005,3.948915,3.4411275,4.7558875,3.5487775,3.4290375,3.5586450000000003,3.10251
1345,3.711,3.9679300000000004,3.848776666666667,4.41351,3.9360133333333334,3.24788,4.923923333333334,3.5596566666666667,3.46085,3.556483333333333,3.1936966666666664
1346,3.61068,4.004666666666666,3.853313333333334,4.164673333333334,3.949073333333333,3.3767333333333336,4.5323199999999995,3.5702533333333335,3.402296666666667,3.5688133333333334,3.14479
1347,3.58213,4.0732,3.862963333333333,4.439183333333333,3.91909,3.242593333333333,4.787116666666666,3.5372,3.427326666666667,3.4315700000000002,3.10675
1348,3.6908166666666666,4.066786666666666,3.906446666666666,4.205353333333333,3.899783333333333,3.4375166666666668,4.90269,3.479836666666667,3.43684,3.5010666666666665,3.319993333333333
1349,3.67106,3.9841599999999997,3.92867,4.294736666666666,3.9275866666666666,3.39644,4.40056,3.4329133333333335,3.4244533333333336,3.4838066666666663,3.1984
1350,3.6380675,4.0113375,3.9109325,4.3201325,3.8802875,3.3548525,5.0671,3.433265,3.3633100000000002,3.3317825,3.269375
1351,3.6580266666666668,4.021293333333333,3.928323333333333,4.271006666666667,3.882013333333333,3.4175733333333334,4.356993333333333,3.4527966666666665,3.4628900000000002,3.5103566666666666,3.22484
1352,3.50672,4.03757,3.930336666666667,4.314136666666667,3.872453333333333,3.3606433333333334,5.089966666666666,3.4419333333333335,3.38636,3.41191,3.3179866666666666
1353,3.6984033333333333,3.9185433333333335,3.9023333333333334,4.172723333333333,3.842236666666667,3.5269733333333337,4.325993333333334,3.323406666666667,3.2921766666666663,3.5253333333333337,3.2238066666666665
1354,3.6562433333333337,4.092356666666666,4.0265466666666665,4.32013,3.88358,3.389933333333333,4.9955766666666666,3.2749366666666666,3.3415533333333336,3.42173,3.5726533333333332
1355,3.55046,4.0449649999999995,3.8991625,4.2261524999999995,3.8764149999999997,3.4861,4.5274025,3.249215,3.279245,3.5350575,3.2508749999999997
1356,3.63005,3.9886533333333336,4.041846666666667,4.366243333333333,3.8983833333333333,3.5088333333333335,5.124786666666666,3.2259966666666666,3.0395133333333333,3.46674,3.57825
1357,3.496206666666667,3.9316866666666663,3.92498,4.210153333333333,3.9309733333333337,3.379186666666667,4.2796433333333335,3.256596666666667,3.2765233333333335,3.5835266666666663,3.37844
1358,3.4954966666666665,3.948866666666666,4.01537,4.222316666666667,4.018603333333334,3.52277,4.884456666666666,3.2264133333333334,3.2638700000000003,3.5062800000000003,3.302656666666667
1359,3.6371066666666665,3.9718966666666664,4.05637,4.139029999999999,3.992826666666667,3.5531900000000003,4.720456666666667,3.2479066666666667,3.3660599999999996,3.6284533333333333,3.63791
1360,3.59253,3.9103166666666667,3.972383333333333,4.320716666666667,3.96616,3.467833333333333,4.5319199999999995,3.1759866666666667,3.445873333333333,3.53416,3.4212233333333337
1361,3.2633500000000004,4.02151,4.023876666666667,4.302676666666667,4.0365,3.5726566666666666,4.944640000000001,3.1618166666666667,3.310783333333333,3.5676799999999997,3.47355
1362,3.5830725,3.9300125,4.003455,4.252955,4.026245,3.4292949999999998,4.5748375,3.1965399999999997,3.3581675,3.5337775000000002,3.5648600000000004
1363,3.301603333333334,3.8536133333333336,4.049133333333333,4.244626666666666,4.030783333333333,3.611803333333333,4.8231166666666665,3.1976999999999998,3.345406666666667,3.5020933333333333,3.5421799999999997
1364,3.5678933333333336,3.8648666666666665,4.006376666666667,4.265363333333333,4.004623333333334,3.4027433333333335,4.457716666666666,3.2228933333333334,3.3229866666666665,3.4210666666666665,3.411013333333333
1365,3.5656966666666663,3.944546666666666,4.14173,4.29663,3.999693333333333,3.4434133333333334,4.716446666666666,3.2463833333333336,3.4298533333333334,3.3811766666666667,3.6698500000000003
1366,3.350106666666667,3.7525600000000003,4.028176666666666,4.307796666666667,4.0348766666666664,3.4639333333333333,4.34892,3.3066899999999997,3.3506033333333334,3.508566666666667,3.5220033333333336
1367,3.36964,3.9417933333333335,4.038803333333333,4.275096666666666,3.987886666666667,3.4989733333333333,4.959023333333334,3.2706733333333333,3.36787,3.31893,3.4807
1368,3.5967233333333333,3.837036666666666,4.083176666666667,4.31207,4.101533333333333,3.4552133333333335,4.0527033333333335,3.3001633333333333,3.334006666666667,3.4061533333333336,3.67048
1369,3.343075,3.9113949999999997,4.0093250000000005,4.27465,4.0714075,3.4341625000000002,5.14235,3.2814225,3.3298300000000003,3.3838274999999998,3.5585925
1370,3.563826666666667,3.7641500000000003,4.072326666666666,4.34882,4.085443333333333,3.425076666666667,4.160006666666667,3.2721866666666664,3.3638833333333333,3.426296666666667,3.737683333333333
1371,3.4432733333333334,3.8417266666666663,4.06879,4.206953333333334,4.101493333333333,3.43775,5.010916666666667,3.2760533333333335,3.54506,3.31912,3.6509466666666666
1372,3.2510999999999997,3.95128,4.051816666666666,4.379066666666667,4.128023333333334,3.3305233333333333,4.134566666666667,3.3545233333333333,3.3104033333333334,3.4473299999999996,3.6850233333333335
1373,3.6483566666666665,3.7601,4.0587333333333335,4.22745,4.116253333333334,3.3368800000000003,4.826643333333333,3.3116533333333336,3.26334,3.347436666666667,3.69615
1374,3.3876066666666667,3.9632966666666665,4.106093333333334,4.27761,4.080516666666667,3.2717799999999997,4.227073333333333,3.3631466666666667,3.36678,3.3947133333333332,3.82924
1375,3.4461575000000004,3.8484325,4.02745,4.272515,4.1186,3.2888675,5.00136,3.41775,3.3109675,3.39231,3.7862175000000002
1376,3.4392566666666666,3.8500433333333333,4.093946666666667,4.232796666666666,4.08599,3.2252466666666666,4.056483333333333,3.36014,3.2001033333333333,3.4309333333333334,3.876306666666667
1377,3.4016933333333337,3.72496,3.99806,4.413913333333333,4.08393,3.1448366666666665,4.49651,3.444786666666667,3.25816,3.4907466666666664,3.84515
1378,3.270796666666667,3.8819,4.04177,4.201303333333333,4.094256666666666,3.2924133333333336,4.350346666666667,3.4052966666666666,3.3958333333333335,3.4255933333333335,3.793276666666667
1379,3.561593333333333,4.0298066666666665,4.11437,4.306123333333333,4.117513333333334,3.19468,4.830146666666667,3.4779166666666668,3.316243333333333,3.5216100000000004,3.92501
1380,3.365136666666667,3.750723333333333,4.01651,4.227903333333334,3.9758066666666667,3.2134466666666666,3.8799333333333337,3.40807,3.33701,3.444736666666667,3.8691133333333334
1381,3.5002375,3.911505,4.1131525,4.242895,4.09656,3.1941175,4.7672325,3.3972625,3.2963575,3.5339825,3.7785124999999997
1382,3.38011,3.6082066666666663,4.051876666666666,4.23527,4.010513333333333,3.2237566666666666,3.9009133333333335,3.4228433333333332,3.2294466666666666,3.4737299999999998,4.023126666666666
1383,3.3880166666666667,3.624166666666667,4.025326666666667,4.1947,4.0277400000000005,3.2457,4.910656666666667,3.42993,3.257733333333333,3.40494,3.8205566666666666
1384,3.476203333333333,3.5602766666666668,4.031873333333333,4.258093333333334,4.024313333333333,3.161633333333333,4.021156666666666,3.435033333333333,3.126246666666667,3.4868633333333334,3.882353333333333
1385,3.485545,3.689185,4.0676125,4.20165,4.011925,3.2817175,4.60368,3.4741675,3.271315,3.3771649999999998,3.87897
1386,3.4779433333333336,3.7033666666666663,4.044426666666666,4.375073333333333,4.0201633333333335,3.0970833333333334,4.126036666666667,3.437583333333333,3.25305,3.5261433333333336,3.8516399999999997
1387,3.528473333333333,3.69857,4.100656666666667,4.0871900000000005,3.998633333333333,3.3241866666666664,4.935113333333333,3.379773333333334,3.2841733333333334,3.4805533333333334,4.024563333333334
1388,3.37558,3.6129433333333334,4.0567899999999995,4.3813233333333335,3.966393333333333,3.10516,3.91723,3.550326666666667,3.19401,3.49019,3.8123799999999997
1389,3.5080899999999997,3.59746,4.135903333333333,4.044153333333333,3.9593233333333337,3.297546666666667,4.838723333333333,3.53524,3.2107566666666667,3.5140333333333333,4.11343
1390,3.635683333333333,3.7878233333333333,4.139053333333333,4.3123,3.9288633333333336,3.195543333333333,4.0308633333333335,3.589366666666667,3.2448833333333336,3.51524,3.8425266666666666
1391,3.5037275,3.72561,4.1336775,4.2123475,3.943715,3.1857075,4.840695,3.5659675,3.2108675,3.537995,4.0421875
1392,3.5899300000000003,3.933256666666667,4.184763333333334,4.25913,3.910623333333333,3.2253899999999995,3.92801,3.5389866666666667,3.2253833333333333,3.490866666666667,3.8749900000000004
1393,3.46632,3.9834033333333334,4.126886666666667,4.41537,3.8741966666666663,3.0957133333333338,4.643606666666667,3.556036666666667,2.95776,3.58554,4.1531899999999995
1394,3.479423333333333,3.8882266666666667,4.1045300000000005,3.9944166666666665,3.81944,3.33804,4.7063266666666665,3.5133533333333333,3.2394233333333333,3.40809,3.9166233333333333
1395,3.683753333333333,3.8825966666666667,4.107273333333333,4.26119,3.7765766666666667,3.104926666666666,4.14725,3.5277166666666666,3.206706666666667,3.5292966666666667,4.16427
1396,3.426535,3.7648825,4.1480475000000006,4.1336575,3.878075,3.288525,4.8350025,3.59861,3.126395,3.4485925,4.0449075
1397,3.558805,3.94488,4.09309,4.245755,3.854435,3.0643599999999998,3.82127,3.619735,3.21464,3.528945,4.15264
1398,3.591165,3.7623225000000002,4.1700025,4.265245,3.90352,3.1978275,4.595455,3.591525,3.2948625,3.5192449999999997,4.153495
1399,3.4643,3.811393333333333,4.108626666666667,4.335856666666667,3.9467033333333332,3.313383333333333,3.9371566666666666,3.5998366666666666,3.0918033333333335,3.495953333333333,4.09472
1400,3.6425433333333337,3.68717,4.16617,4.139236666666666,3.99105,3.2359233333333335,4.792666666666666,3.585406666666666,3.0867199999999997,3.469886666666666,4.2423166666666665
1401,3.4860433333333334,3.90376,4.194593333333334,4.279063333333333,4.000846666666667,3.2363999999999997,3.7310033333333337,3.6182966666666663,3.3758433333333335,3.5309399999999997,4.176006666666667
1402,3.4370600000000002,3.8839566666666663,4.08058,4.420266666666667,3.9092266666666666,3.2214166666666664,4.899023333333333,3.6113233333333334,3.29317,3.5373533333333333,4.1492
1403,3.5731825,3.8816325,4.229655,4.230495,4.0036000000000005,3.2229875,3.8769775,3.623095,3.2753375,3.5180025,4.202745
1404,3.46398,3.904193333333333,4.107880000000001,4.396533333333333,3.96833,3.325846666666667,4.96877,3.646713333333333,3.2958366666666663,3.4733933333333336,4.217003333333333
1405,3.563003333333333,3.90432,4.229396666666666,4.2032066666666665,3.9451033333333334,3.38813,4.009696666666667,3.6504766666666666,3.2227566666666667,3.549963333333333,4.15361
1406,3.5604333333333336,3.9646733333333337,4.164523333333333,4.19275,4.023553333333333,3.1959233333333334,4.4500866666666665,3.6536466666666665,3.24114,3.4684833333333334,4.184903333333334
1407,3.41175,3.8875233333333337,4.1914066666666665,4.398696666666667,4.0155,3.25548,4.498183333333333,3.693023333333333,3.194986666666667,3.483093333333333,4.189413333333333
1408,3.5236266666666665,3.90175,4.167683333333334,4.04992,3.954346666666666,3.4182333333333332,4.210653333333333,3.610773333333333,3.3815900000000005,3.50928,4.213536666666666
1409,3.63796,3.8093966666666663,4.17197,4.297583333333333,4.001313333333333,3.3137966666666667,4.41154,3.6052433333333336,3.26491,3.51831,4.141743333333333
1410,3.5190099999999997,3.8775225,4.18867,4.1316375,3.979555,3.337555,4.47155,3.6515,3.322575,3.4596125,4.2327525
1411,3.6589666666666667,3.839486666666667,4.185603333333334,4.271363333333333,3.9772366666666668,3.3227833333333336,4.26677,3.6439800000000004,3.2902166666666672,3.43669,4.236653333333333
1412,3.52759,3.9475866666666666,4.21699,4.08861,4.05201,3.292313333333333,4.58154,3.74052,3.37672,3.4219899999999996,4.252389999999999
1413,3.5762033333333334,3.784936666666667,4.166296666666667,4.262653333333334,3.9788133333333335,3.4132933333333333,4.3542,3.65204,3.2228733333333337,3.5556966666666665,4.288176666666666
1414,3.671163333333334,3.77605,4.245356666666667,4.07389,4.02078,3.3455133333333333,4.775376666666666,3.66893,3.3600933333333334,3.4341399999999997,4.342966666666666
1415,3.62763,3.8423533333333335,4.250319999999999,3.9796666666666667,4.0488,3.23854,4.251903333333334,3.6157466666666664,3.266576666666667,3.440053333333333,4.2674666666666665
1416,3.5508775,3.7982975,4.194955,4.1008525,3.99361,3.42325,4.6835725,3.4668875,3.3800325,3.4151125,4.3983275
1417,3.66169,3.912243333333334,4.285049999999999,3.867283333333333,3.956656666666667,3.29184,4.35189,3.3989366666666663,3.362833333333333,3.4115233333333332,4.262246666666667
1418,3.44349,3.684903333333333,4.170613333333333,4.1462666666666665,3.9403900000000003,3.25995,4.590976666666666,3.293176666666666,3.3678000000000003,3.377776666666667,4.36911
1419,3.6532066666666663,3.7519000000000005,4.23527,3.7682933333333337,3.8755366666666666,3.3912066666666667,4.694859999999999,3.22493,3.3173333333333335,3.4352199999999997,4.352973333333334
1420,3.6437600000000003,3.7921099999999996,4.263593333333334,4.04017,3.8745099999999995,3.3041866666666664,4.698053333333333,3.135666666666667,3.2605633333333333,3.489216666666666,4.365763333333333
1421,3.5771949999999997,3.728415,4.16364,3.8692275,3.9477325,3.2634775,4.63458,3.108825,3.32239,3.42799,4.3404074999999995
1422,3.6726433333333333,3.81991,4.28577,4.028873333333333,3.88538,3.278636666666667,4.784996666666667,3.06874,3.202083333333333,3.4225333333333334,4.280973333333333
1423,3.6081233333333333,3.78514,4.11024,3.92722,3.9451633333333334,3.165906666666667,4.8355733333333335,3.0948100000000003,3.3322533333333335,3.5367366666666666,4.402736666666667
1424,3.5908166666666665,3.6473133333333334,4.233223333333334,3.93397,3.9242333333333335,3.459633333333333,4.583760000000001,3.09501,3.2460466666666665,3.4164700000000003,4.383773333333333
1425,3.7532266666666665,3.7594133333333333,4.176566666666667,3.900986666666667,3.991913333333334,3.15071,4.836783333333333,3.094556666666667,3.25097,3.5676133333333335,4.451663333333333
1426,3.6318066666666664,3.82648,4.245803333333334,3.83768,3.955033333333333,3.3051899999999996,4.587253333333333,3.1303033333333334,3.2800399999999996,3.3897266666666668,4.40745
1427,3.593726666666667,3.7492533333333333,4.145560000000001,4.1389466666666666,3.964143333333334,3.2748600000000003,5.162643333333333,3.0793999999999997,3.2586766666666667,3.5778200000000004,4.354816666666667
1428,3.7629025,3.976085,4.2059325,3.7624625,3.9654700000000003,3.3462425,4.5439025,3.0190775,3.3460575,3.43045,4.5039750000000005
1429,3.5903600000000004,3.779166666666667,4.155286666666666,4.14637,3.98244,3.260596666666667,5.0064,3.103923333333333,3.2800166666666666,3.5730333333333335,4.41746
1430,3.709896666666667,3.6455066666666665,4.19302,3.6985999999999994,3.959956666666667,3.3452266666666666,4.4049966666666664,3.0986666666666665,3.713086666666667,3.47611,4.5516
1431,3.69868,3.8412733333333335,4.2586,4.0591333333333335,3.8808100000000003,3.2709433333333333,5.043163333333333,3.17849,3.281133333333333,3.58835,4.3710933333333335
1432,3.6291966666666666,3.746223333333333,4.121896666666667,3.9772399999999997,3.888996666666667,3.24002,4.321266666666666,3.139336666666667,3.3381233333333333,3.5795866666666663,4.568456666666667
1433,3.573536666666667,3.778,4.19977,3.8617633333333337,3.9335733333333334,3.5173733333333335,4.9773,3.15451,3.27,3.5189800000000004,4.40678
1434,3.6509725,3.8058525,4.118914999999999,3.95888,3.9196375,3.146175,4.4152525,3.19011,3.31153,3.6545125,4.484005
1435,3.5454633333333336,3.87356,3.918066666666667,3.8114666666666666,3.8382633333333334,3.4829666666666665,4.978923333333333,3.171,3.2464933333333335,3.5094933333333334,4.42548
1436,3.6948733333333337,3.8058533333333333,3.7953333333333332,3.903913333333333,3.8713499999999996,3.15433,4.37219,3.1750333333333334,3.2814099999999997,3.630926666666667,4.5101933333333335
1437,3.6031600000000004,3.87891,3.6110433333333334,3.929076666666667,3.812656666666667,3.264113333333333,4.82711,3.1869033333333334,3.21132,3.6797233333333335,4.37791
1438,3.387916666666667,3.8042800000000003,3.55022,3.97312,3.85507,3.20773,4.5474966666666665,3.2157866666666663,3.32212,3.4606866666666662,4.548760000000001
1439,3.69204,4.05885,3.5814225,3.8473824999999997,3.847155,3.257845,4.6644075,3.171985,3.1404275,3.571185,4.5398724999999995
1440,3.493935,3.98728,3.36069,3.87992,3.872955,3.239135,4.648125,3.26681,3.27083,3.331115,4.700595
1441,3.4901175,3.891765,3.3946025,3.78612,3.8961625,3.294135,4.6766075,3.2253075,3.3456,3.507075,4.531255
1442,3.552906666666667,3.985683333333333,3.4424766666666664,4.00455,3.8990633333333338,3.1881833333333334,4.387736666666666,3.3279599999999996,3.19274,3.4006666666666665,4.568876666666667
1443,3.4763699999999997,3.8821166666666667,3.4131666666666667,3.7645166666666667,3.9052466666666668,3.25499,4.434566666666666,3.2744866666666668,3.35764,3.478876666666667,4.504396666666667
1444,3.4393766666666665,3.9900366666666667,3.32617,3.9407099999999997,3.8699600000000003,3.3888800000000003,4.74337,3.2772400000000004,3.259456666666667,3.4807900000000003,4.52776
1445,3.6851333333333334,4.002513333333333,3.4599200000000003,3.7841633333333333,3.8439033333333334,3.084826666666667,4.278546666666667,3.2913833333333335,3.2971633333333332,3.50058,4.610433333333333
1446,3.6123999999999996,3.9121,3.3846399999999996,4.079703333333334,3.7864733333333334,3.18811,4.92328,3.3061066666666665,3.1750133333333337,3.58376,4.519763333333334
1447,3.5569,3.933525,3.40413,3.7778475,3.8819175,3.2691475,4.2989325,3.2908125,3.2047375000000002,3.5137425,4.4841725
1448,3.5681433333333334,3.9444033333333333,3.4873133333333333,4.111540000000001,3.82645,3.2788633333333337,4.8263,3.309926666666667,3.1493800000000003,3.554123333333333,4.511746666666667
1449,3.441876666666667,3.8807266666666664,3.421186666666667,3.770163333333333,3.9263099999999995,3.269886666666667,4.153466666666667,3.3890933333333333,3.3265766666666665,3.5264933333333333,4.260196666666666
1450,3.7805999999999997,3.9375633333333333,3.421583333333333,4.03826,3.94759,3.3328966666666666,4.8715,3.3364666666666665,3.1045866666666666,3.50707,4.57312
1451,3.5982866666666666,4.042316666666667,3.5347066666666667,4.1002133333333335,3.950063333333333,3.2255233333333333,4.13029,3.41362,3.229103333333333,3.596303333333333,4.3473999999999995
1452,3.551686666666667,3.853146666666667,3.4739000000000004,3.8381166666666666,3.984713333333333,3.368703333333333,4.494330000000001,3.3659466666666664,3.1811100000000003,3.57479,4.275883333333334
1453,3.6625975,3.966305,3.4841474999999997,4.0922350000000005,3.9614925,3.17377,4.3503825,3.4302225,3.3155275,3.6311999999999998,4.391085
1454,3.5083233333333332,3.9642133333333334,3.5229200000000005,3.9019266666666668,3.98677,3.4231233333333333,4.669053333333333,3.3045533333333332,3.1443499999999998,3.6336133333333334,4.2614133333333335
1455,3.6818666666666666,3.9142666666666663,3.533193333333333,4.017316666666667,3.9561466666666667,3.153653333333333,4.622546666666667,3.3423700000000003,3.2637466666666666,3.6227,4.36244
1456,3.70694,4.01616,3.5774033333333333,3.934976666666666,3.9591166666666666,3.2333366666666663,4.496300000000001,3.360046666666667,3.3444466666666663,3.5320766666666668,4.2932966666666665
1457,3.61591,3.9499133333333334,3.600543333333333,4.166906666666667,3.956163333333333,3.174533333333333,4.8404766666666665,3.4294999999999995,3.1605066666666666,3.5663,4.349976666666667
1458,3.6661675000000002,4.0190075,3.62664,3.86224,3.949595,3.2285075,4.5311975,3.4353775,3.21041,3.5334475000000003,4.328705
1459,3.645913333333333,3.906883333333333,3.64798,4.132936666666667,3.8919533333333334,3.208883333333333,4.7752,3.50217,3.1768099999999997,3.5615066666666664,4.340446666666667
1460,3.57215,3.906426666666667,3.628743333333333,3.7909,3.879823333333333,3.29669,4.518059999999999,3.50371,3.19608,3.53178,4.3121
1461,3.8235833333333336,3.9981533333333332,3.6783066666666664,3.99049,3.9391766666666665,3.153503333333333,5.04293,3.5340900000000004,3.218976666666667,3.45748,4.3298966666666665
1462,3.6479766666666666,3.87259,3.7682300000000004,3.946,3.9106733333333334,3.1488133333333335,4.405963333333333,3.509846666666667,3.14885,3.52709,4.414813333333334
1463,3.7800024999999997,3.9283850000000005,3.6680325,3.884365,3.9206399999999997,3.22195,4.880185,3.5055975,3.177595,3.524165,4.2871675
1464,3.5710033333333335,3.9320366666666664,3.7825666666666664,4.051003333333333,3.9117533333333334,3.2625033333333335,4.335263333333333,3.4473133333333337,3.202726666666667,3.4863366666666664,4.3395
1465,3.65711,3.8796800000000005,3.7007033333333332,3.8931066666666667,3.87093,3.370276666666667,5.05339,3.4234033333333334,3.31577,3.5559066666666665,4.379783333333333
1466,3.731286666666667,3.880903333333334,3.7666066666666667,4.068033333333333,3.92225,3.169596666666667,4.39432,3.46947,3.241073333333333,3.435226666666667,4.40698
1467,3.77361,3.9374066666666665,3.7754266666666667,3.8336633333333334,3.9256733333333336,3.169923333333333,4.766023333333333,3.5654066666666666,3.1722133333333336,3.5096600000000002,4.3243833333333335
1468,3.61583,3.79598,3.801885,4.045814999999999,3.9559949999999997,3.2509475,4.4851849999999995,3.516415,3.322255,3.437295,4.3435524999999995
1469,3.763063333333333,3.9238699999999995,3.79168,3.74827,3.8483666666666667,3.223453333333333,4.846116666666667,3.5623799999999997,3.17956,3.4704099999999998,4.2955033333333335
1470,3.553096666666667,3.7899166666666666,3.8366100000000003,4.1082600000000005,3.8929066666666667,3.319266666666666,4.265226666666667,3.53333,3.2727066666666667,3.3749766666666665,4.320263333333333
1471,3.5426633333333335,3.799936666666667,3.76732,3.699123333333333,3.9346200000000002,3.1668,4.500073333333334,3.562586666666667,3.5324466666666665,3.55805,4.372879999999999
1472,3.707605,3.927485,3.85012,3.913105,3.8630950000000004,3.353825,5.02375,3.4957399999999996,3.356985,3.4077149999999996,4.244445
