遗传代数,参数,R平方
0,"{'max_depth': 9, 'learning_rate': 0.22953605219873288, 'subsample': 0.9742633168128163, 'colsample_bytree': 0.732928800263416}",0.9642904024074265
1,"{'max_depth': 9, 'learning_rate': 0.22953605219873288, 'subsample': 0.9742633168128163, 'colsample_bytree': 0.732928800263416}",0.9642904024074265
2,"{'max_depth': 4, 'learning_rate': 0.032342418017572025, 'subsample': 0.8204081280221853, 'colsample_bytree': 0.9782994266707765}",0.9609781412577073
3,"{'max_depth': 8, 'learning_rate': 0.22953605219873288, 'subsample': 0.9742633168128163, 'colsample_bytree': 0.732928800263416}",0.9609781412577073
4,"{'max_depth': 8, 'learning_rate': 0.22953605219873288, 'subsample': 0.9742633168128163, 'colsample_bytree': 0.6237887934179329}",0.9652300158124603
5,"{'max_depth': 8, 'learning_rate': 0.10205210312256942, 'subsample': 0.9742633168128163, 'colsample_bytree': 0.732928800263416}",0.9652300158124603
6,"{'max_depth': 8, 'learning_rate': 0.10205210312256942, 'subsample': 0.9742633168128163, 'colsample_bytree': 0.732928800263416}",0.9652300158124603
7,"{'max_depth': 8, 'learning_rate': 0.22953605219873288, 'subsample': 0.9742633168128163, 'colsample_bytree': 0.732928800263416}",0.9653289962801329
8,"{'max_depth': 8, 'learning_rate': 0.22953605219873288, 'subsample': 0.9742633168128163, 'colsample_bytree': 0.732928800263416}",0.9672927102220267
9,"{'max_depth': 8, 'learning_rate': 0.22953605219873288, 'subsample': 0.9742633168128163, 'colsample_bytree': 0.732928800263416}",0.9652300158124603
10,"{'max_depth': 8, 'learning_rate': 0.10205210312256942, 'subsample': 0.9742633168128163, 'colsample_bytree': 0.732928800263416}",0.9652300158124603
11,"{'max_depth': 8, 'learning_rate': 0.10205210312256942, 'subsample': 0.9742633168128163, 'colsample_bytree': 0.732928800263416}",0.9652300158124603
12,"{'max_depth': 9, 'learning_rate': 0.10205210312256942, 'subsample': 0.9742633168128163, 'colsample_bytree': 0.732928800263416}",0.9653289962801329
13,"{'max_depth': 8, 'learning_rate': 0.10205210312256942, 'subsample': 0.9742633168128163, 'colsample_bytree': 0.732928800263416}",0.9653289962801329
14,"{'max_depth': 8, 'learning_rate': 0.10205210312256942, 'subsample': 0.9742633168128163, 'colsample_bytree': 0.732928800263416}",0.9652300158124603
15,"{'max_depth': 8, 'learning_rate': 0.10205210312256942, 'subsample': 0.9742633168128163, 'colsample_bytree': 0.732928800263416}",0.9652300158124603
16,"{'max_depth': 8, 'learning_rate': 0.10205210312256942, 'subsample': 0.9742633168128163, 'colsample_bytree': 0.732928800263416}",0.9653289962801329
17,"{'max_depth': 8, 'learning_rate': 0.10205210312256942, 'subsample': 0.9742633168128163, 'colsample_bytree': 0.732928800263416}",0.9653289962801329
18,"{'max_depth': 8, 'learning_rate': 0.10205210312256942, 'subsample': 0.9742633168128163, 'colsample_bytree': 0.7029757341923559}",0.9652300158124603
19,"{'max_depth': 8, 'learning_rate': 0.10205210312256942, 'subsample': 0.9742633168128163, 'colsample_bytree': 0.732928800263416}",0.9652300158124603
20,"{'max_depth': 8, 'learning_rate': 0.10205210312256942, 'subsample': 0.9742633168128163, 'colsample_bytree': 0.662083376059516}",0.9653072659804597
21,"{'max_depth': 8, 'learning_rate': 0.10205210312256942, 'subsample': 0.9742633168128163, 'colsample_bytree': 0.732928800263416}",0.9652300158124603
22,"{'max_depth': 8, 'learning_rate': 0.10205210312256942, 'subsample': 0.9742633168128163, 'colsample_bytree': 0.732928800263416}",0.9652300158124603
23,"{'max_depth': 8, 'learning_rate': 0.10205210312256942, 'subsample': 0.9742633168128163, 'colsample_bytree': 0.732928800263416}",0.9652300158124603
24,"{'max_depth': 8, 'learning_rate': 0.22953605219873288, 'subsample': 0.9742633168128163, 'colsample_bytree': 0.732928800263416}",0.9652300158124603
25,"{'max_depth': 8, 'learning_rate': 0.10205210312256942, 'subsample': 0.9742633168128163, 'colsample_bytree': 0.732928800263416}",0.9652300158124603
26,"{'max_depth': 8, 'learning_rate': 0.10205210312256942, 'subsample': 0.9742633168128163, 'colsample_bytree': 0.732928800263416}",0.9652300158124603
27,"{'max_depth': 8, 'learning_rate': 0.10205210312256942, 'subsample': 0.9742633168128163, 'colsample_bytree': 0.732928800263416}",0.9652300158124603
28,"{'max_depth': 8, 'learning_rate': 0.22953605219873288, 'subsample': 0.9742633168128163, 'colsample_bytree': 0.732928800263416}",0.9660332181766715
29,"{'max_depth': 8, 'learning_rate': 0.15839206572497577, 'subsample': 0.8039239478110843, 'colsample_bytree': 0.732928800263416}",0.9660332181766715
30,"{'max_depth': 8, 'learning_rate': 0.22953605219873288, 'subsample': 0.9742633168128163, 'colsample_bytree': 0.732928800263416}",0.9652300158124603
31,"{'max_depth': 8, 'learning_rate': 0.22953605219873288, 'subsample': 0.9742633168128163, 'colsample_bytree': 0.732928800263416}",0.9652300158124603
32,"{'max_depth': 8, 'learning_rate': 0.22953605219873288, 'subsample': 0.9742633168128163, 'colsample_bytree': 0.732928800263416}",0.9652300158124603
33,"{'max_depth': 8, 'learning_rate': 0.10205210312256942, 'subsample': 0.9742633168128163, 'colsample_bytree': 0.732928800263416}",0.9652300158124603
34,"{'max_depth': 8, 'learning_rate': 0.10205210312256942, 'subsample': 0.9742633168128163, 'colsample_bytree': 0.732928800263416}",0.9652300158124603
35,"{'max_depth': 8, 'learning_rate': 0.10205210312256942, 'subsample': 0.9742633168128163, 'colsample_bytree': 0.732928800263416}",0.9652300158124603
36,"{'max_depth': 8, 'learning_rate': 0.10205210312256942, 'subsample': 0.9742633168128163, 'colsample_bytree': 0.732928800263416}",0.9652300158124603
37,"{'max_depth': 8, 'learning_rate': 0.10205210312256942, 'subsample': 0.9742633168128163, 'colsample_bytree': 0.732928800263416}",0.9652300158124603
38,"{'max_depth': 8, 'learning_rate': 0.10205210312256942, 'subsample': 0.9742633168128163, 'colsample_bytree': 0.732928800263416}",0.9652300158124603
39,"{'max_depth': 8, 'learning_rate': 0.10205210312256942, 'subsample': 0.9742633168128163, 'colsample_bytree': 0.732928800263416}",0.9677594860523968
40,"{'max_depth': 8, 'learning_rate': 0.10205210312256942, 'subsample': 0.9742633168128163, 'colsample_bytree': 0.732928800263416}",0.9677594860523968
41,"{'max_depth': 7, 'learning_rate': 0.10205210312256942, 'subsample': 0.9742633168128163, 'colsample_bytree': 0.7780825198361027}",0.9738848205951852
42,"{'max_depth': 8, 'learning_rate': 0.10205210312256942, 'subsample': 0.9742633168128163, 'colsample_bytree': 0.7780825198361027}",0.9738848205951852
43,"{'max_depth': 8, 'learning_rate': 0.10205210312256942, 'subsample': 0.9742633168128163, 'colsample_bytree': 0.7780825198361027}",0.9738848205951852
44,"{'max_depth': 8, 'learning_rate': 0.10205210312256942, 'subsample': 0.9742633168128163, 'colsample_bytree': 0.7780825198361027}",0.9738848205951852
45,"{'max_depth': 8, 'learning_rate': 0.10205210312256942, 'subsample': 0.9742633168128163, 'colsample_bytree': 0.7780825198361027}",0.9738848205951852
46,"{'max_depth': 8, 'learning_rate': 0.10205210312256942, 'subsample': 0.9742633168128163, 'colsample_bytree': 0.7780825198361027}",0.9738848205951852
47,"{'max_depth': 8, 'learning_rate': 0.10205210312256942, 'subsample': 0.9742633168128163, 'colsample_bytree': 0.7780825198361027}",0.9738848205951852
48,"{'max_depth': 8, 'learning_rate': 0.10205210312256942, 'subsample': 0.9742633168128163, 'colsample_bytree': 0.7780825198361027}",0.9738848205951852
49,"{'max_depth': 8, 'learning_rate': 0.10205210312256942, 'subsample': 0.9742633168128163, 'colsample_bytree': 0.7610783406522189}",0.9738848205951852
50,"{'max_depth': 8, 'learning_rate': 0.10205210312256942, 'subsample': 0.9742633168128163, 'colsample_bytree': 0.7780825198361027}",0.9738848205951852
51,"{'max_depth': 8, 'learning_rate': 0.10205210312256942, 'subsample': 0.9742633168128163, 'colsample_bytree': 0.7780825198361027}",0.9738848205951852
52,"{'max_depth': 8, 'learning_rate': 0.10205210312256942, 'subsample': 0.9742633168128163, 'colsample_bytree': 0.7780825198361027}",0.9738848205951852
53,"{'max_depth': 8, 'learning_rate': 0.10205210312256942, 'subsample': 0.9742633168128163, 'colsample_bytree': 0.7780825198361027}",0.9738848205951852
54,"{'max_depth': 8, 'learning_rate': 0.10205210312256942, 'subsample': 0.9742633168128163, 'colsample_bytree': 0.7780825198361027}",0.9738848205951852
55,"{'max_depth': 8, 'learning_rate': 0.16164491988428978, 'subsample': 0.9742633168128163, 'colsample_bytree': 0.7780825198361027}",0.9738848205951852
56,"{'max_depth': 8, 'learning_rate': 0.2571889972035404, 'subsample': 0.9742633168128163, 'colsample_bytree': 0.7780825198361027}",0.9738848205951852
57,"{'max_depth': 8, 'learning_rate': 0.10205210312256942, 'subsample': 0.9742633168128163, 'colsample_bytree': 0.7780825198361027}",0.9738848205951852
58,"{'max_depth': 8, 'learning_rate': 0.10205210312256942, 'subsample': 0.9742633168128163, 'colsample_bytree': 0.7780825198361027}",0.9738848205951852
59,"{'max_depth': 8, 'learning_rate': 0.10205210312256942, 'subsample': 0.9742633168128163, 'colsample_bytree': 0.7780825198361027}",0.9738848205951852
60,"{'max_depth': 8, 'learning_rate': 0.10205210312256942, 'subsample': 0.9742633168128163, 'colsample_bytree': 0.7780825198361027}",0.9738848205951852
61,"{'max_depth': 8, 'learning_rate': 0.10205210312256942, 'subsample': 0.9742633168128163, 'colsample_bytree': 0.7780825198361027}",0.9738848205951852
62,"{'max_depth': 8, 'learning_rate': 0.10205210312256942, 'subsample': 0.9742633168128163, 'colsample_bytree': 0.7780825198361027}",0.9738848205951852
63,"{'max_depth': 8, 'learning_rate': 0.10205210312256942, 'subsample': 0.9742633168128163, 'colsample_bytree': 0.7780825198361027}",0.9738848205951852
64,"{'max_depth': 8, 'learning_rate': 0.10205210312256942, 'subsample': 0.9742633168128163, 'colsample_bytree': 0.7780825198361027}",0.9738848205951852
65,"{'max_depth': 8, 'learning_rate': 0.10205210312256942, 'subsample': 0.9742633168128163, 'colsample_bytree': 0.7780825198361027}",0.9738848205951852
66,"{'max_depth': 8, 'learning_rate': 0.10205210312256942, 'subsample': 0.9742633168128163, 'colsample_bytree': 0.7780825198361027}",0.9738848205951852
67,"{'max_depth': 8, 'learning_rate': 0.10205210312256942, 'subsample': 0.9742633168128163, 'colsample_bytree': 0.7780825198361027}",0.9738848205951852
68,"{'max_depth': 8, 'learning_rate': 0.10205210312256942, 'subsample': 0.9742633168128163, 'colsample_bytree': 0.7780825198361027}",0.9738848205951852
69,"{'max_depth': 8, 'learning_rate': 0.10205210312256942, 'subsample': 0.9742633168128163, 'colsample_bytree': 0.7780825198361027}",0.9738848205951852
70,"{'max_depth': 8, 'learning_rate': 0.10205210312256942, 'subsample': 0.9742633168128163, 'colsample_bytree': 0.7780825198361027}",0.9738848205951852
71,"{'max_depth': 8, 'learning_rate': 0.10205210312256942, 'subsample': 0.9742633168128163, 'colsample_bytree': 0.7780825198361027}",0.9738848205951852
72,"{'max_depth': 8, 'learning_rate': 0.10205210312256942, 'subsample': 0.9742633168128163, 'colsample_bytree': 0.7780825198361027}",0.9738848205951852
73,"{'max_depth': 8, 'learning_rate': 0.10205210312256942, 'subsample': 0.9742633168128163, 'colsample_bytree': 0.7780825198361027}",0.9738848205951852
74,"{'max_depth': 8, 'learning_rate': 0.10205210312256942, 'subsample': 0.9742633168128163, 'colsample_bytree': 0.7780825198361027}",0.9738848205951852
75,"{'max_depth': 8, 'learning_rate': 0.10205210312256942, 'subsample': 0.9742633168128163, 'colsample_bytree': 0.7780825198361027}",0.9738848205951852
76,"{'max_depth': 8, 'learning_rate': 0.10205210312256942, 'subsample': 0.9742633168128163, 'colsample_bytree': 0.7780825198361027}",0.9738848205951852
77,"{'max_depth': 8, 'learning_rate': 0.10205210312256942, 'subsample': 0.9742633168128163, 'colsample_bytree': 0.7780825198361027}",0.9738848205951852
78,"{'max_depth': 8, 'learning_rate': 0.10205210312256942, 'subsample': 0.9742633168128163, 'colsample_bytree': 0.7780825198361027}",0.9738848205951852
79,"{'max_depth': 8, 'learning_rate': 0.10205210312256942, 'subsample': 0.9742633168128163, 'colsample_bytree': 0.7780825198361027}",0.9738848205951852
80,"{'max_depth': 8, 'learning_rate': 0.10205210312256942, 'subsample': 0.9742633168128163, 'colsample_bytree': 0.7780825198361027}",0.9738848205951852
81,"{'max_depth': 8, 'learning_rate': 0.10205210312256942, 'subsample': 0.9742633168128163, 'colsample_bytree': 0.7780825198361027}",0.9738848205951852
82,"{'max_depth': 8, 'learning_rate': 0.10205210312256942, 'subsample': 0.9742633168128163, 'colsample_bytree': 0.7780825198361027}",0.9738848205951852
83,"{'max_depth': 8, 'learning_rate': 0.10205210312256942, 'subsample': 0.9742633168128163, 'colsample_bytree': 0.7780825198361027}",0.9738848205951852
84,"{'max_depth': 8, 'learning_rate': 0.10205210312256942, 'subsample': 0.9742633168128163, 'colsample_bytree': 0.7780825198361027}",0.9738848205951852
85,"{'max_depth': 8, 'learning_rate': 0.10205210312256942, 'subsample': 0.9742633168128163, 'colsample_bytree': 0.7780825198361027}",0.9738848205951852
86,"{'max_depth': 8, 'learning_rate': 0.10205210312256942, 'subsample': 0.9742633168128163, 'colsample_bytree': 0.7780825198361027}",0.9738848205951852
87,"{'max_depth': 8, 'learning_rate': 0.10205210312256942, 'subsample': 0.9742633168128163, 'colsample_bytree': 0.7780825198361027}",0.9738848205951852
88,"{'max_depth': 8, 'learning_rate': 0.10205210312256942, 'subsample': 0.9742633168128163, 'colsample_bytree': 0.7780825198361027}",0.9738848205951852
89,"{'max_depth': 8, 'learning_rate': 0.10205210312256942, 'subsample': 0.9742633168128163, 'colsample_bytree': 0.7780825198361027}",0.9738848205951852
90,"{'max_depth': 8, 'learning_rate': 0.10205210312256942, 'subsample': 0.9742633168128163, 'colsample_bytree': 0.7780825198361027}",0.9738848205951852
91,"{'max_depth': 8, 'learning_rate': 0.10205210312256942, 'subsample': 0.9742633168128163, 'colsample_bytree': 0.7780825198361027}",0.9738848205951852
92,"{'max_depth': 8, 'learning_rate': 0.10205210312256942, 'subsample': 0.9742633168128163, 'colsample_bytree': 0.7780825198361027}",0.9738848205951852
93,"{'max_depth': 8, 'learning_rate': 0.10205210312256942, 'subsample': 0.9742633168128163, 'colsample_bytree': 0.7780825198361027}",0.9738848205951852
94,"{'max_depth': 8, 'learning_rate': 0.10205210312256942, 'subsample': 0.9742633168128163, 'colsample_bytree': 0.7780825198361027}",0.9738848205951852
95,"{'max_depth': 8, 'learning_rate': 0.10205210312256942, 'subsample': 0.9742633168128163, 'colsample_bytree': 0.7780825198361027}",0.9738848205951852
96,"{'max_depth': 8, 'learning_rate': 0.10205210312256942, 'subsample': 0.9742633168128163, 'colsample_bytree': 0.7780825198361027}",0.9738848205951852
97,"{'max_depth': 8, 'learning_rate': 0.10205210312256942, 'subsample': 0.9742633168128163, 'colsample_bytree': 0.7780825198361027}",0.9738848205951852
98,"{'max_depth': 8, 'learning_rate': 0.10205210312256942, 'subsample': 0.9742633168128163, 'colsample_bytree': 0.7780825198361027}",0.9738848205951852
99,"{'max_depth': 8, 'learning_rate': 0.10205210312256942, 'subsample': 0.9742633168128163, 'colsample_bytree': 0.7780825198361027}",0.9738848205951852
100,"{'max_depth': 8, 'learning_rate': 0.10205210312256942, 'subsample': 0.9742633168128163, 'colsample_bytree': 0.7780825198361027}",0.9738848205951852
101,"{'max_depth': 8, 'learning_rate': 0.10205210312256942, 'subsample': 0.9742633168128163, 'colsample_bytree': 0.7780825198361027}",0.9738848205951852
102,"{'max_depth': 8, 'learning_rate': 0.10205210312256942, 'subsample': 0.9742633168128163, 'colsample_bytree': 0.7780825198361027}",0.9738848205951852
103,"{'max_depth': 8, 'learning_rate': 0.10205210312256942, 'subsample': 0.9742633168128163, 'colsample_bytree': 0.7780825198361027}",0.9738848205951852
104,"{'max_depth': 8, 'learning_rate': 0.10205210312256942, 'subsample': 0.9742633168128163, 'colsample_bytree': 0.8041689074612263}",0.9738848205951852
105,"{'max_depth': 8, 'learning_rate': 0.10205210312256942, 'subsample': 0.9742633168128163, 'colsample_bytree': 0.7780825198361027}",0.9738848205951852
106,"{'max_depth': 8, 'learning_rate': 0.10205210312256942, 'subsample': 0.9742633168128163, 'colsample_bytree': 0.7780825198361027}",0.9738848205951852
107,"{'max_depth': 8, 'learning_rate': 0.10205210312256942, 'subsample': 0.9742633168128163, 'colsample_bytree': 0.7780825198361027}",0.9738848205951852
108,"{'max_depth': 8, 'learning_rate': 0.10205210312256942, 'subsample': 0.9742633168128163, 'colsample_bytree': 0.7780825198361027}",0.9738848205951852
109,"{'max_depth': 8, 'learning_rate': 0.10205210312256942, 'subsample': 0.9742633168128163, 'colsample_bytree': 0.7780825198361027}",0.9738848205951852
110,"{'max_depth': 8, 'learning_rate': 0.10205210312256942, 'subsample': 0.9742633168128163, 'colsample_bytree': 0.7780825198361027}",0.9738848205951852
111,"{'max_depth': 8, 'learning_rate': 0.10205210312256942, 'subsample': 0.9742633168128163, 'colsample_bytree': 0.7780825198361027}",0.9738848205951852
112,"{'max_depth': 8, 'learning_rate': 0.10205210312256942, 'subsample': 0.9742633168128163, 'colsample_bytree': 0.7780825198361027}",0.9738848205951852
113,"{'max_depth': 8, 'learning_rate': 0.10205210312256942, 'subsample': 0.9742633168128163, 'colsample_bytree': 0.7780825198361027}",0.9738848205951852
114,"{'max_depth': 8, 'learning_rate': 0.10205210312256942, 'subsample': 0.9742633168128163, 'colsample_bytree': 0.7780825198361027}",0.9738848205951852
115,"{'max_depth': 8, 'learning_rate': 0.10205210312256942, 'subsample': 0.9742633168128163, 'colsample_bytree': 0.7780825198361027}",0.9738848205951852
116,"{'max_depth': 8, 'learning_rate': 0.10205210312256942, 'subsample': 0.9742633168128163, 'colsample_bytree': 0.7780825198361027}",0.9738848205951852
117,"{'max_depth': 8, 'learning_rate': 0.10205210312256942, 'subsample': 0.9742633168128163, 'colsample_bytree': 0.7780825198361027}",0.9738848205951852
118,"{'max_depth': 8, 'learning_rate': 0.10205210312256942, 'subsample': 0.9742633168128163, 'colsample_bytree': 0.7780825198361027}",0.9738848205951852
119,"{'max_depth': 8, 'learning_rate': 0.10205210312256942, 'subsample': 0.9742633168128163, 'colsample_bytree': 0.7780825198361027}",0.9738848205951852
120,"{'max_depth': 8, 'learning_rate': 0.10205210312256942, 'subsample': 0.9742633168128163, 'colsample_bytree': 0.7780825198361027}",0.9738848205951852
121,"{'max_depth': 8, 'learning_rate': 0.10205210312256942, 'subsample': 0.9742633168128163, 'colsample_bytree': 0.7780825198361027}",0.9738848205951852
122,"{'max_depth': 8, 'learning_rate': 0.10205210312256942, 'subsample': 0.9742633168128163, 'colsample_bytree': 0.7780825198361027}",0.9738848205951852
123,"{'max_depth': 8, 'learning_rate': 0.10205210312256942, 'subsample': 0.9742633168128163, 'colsample_bytree': 0.7780825198361027}",0.9738848205951852
124,"{'max_depth': 8, 'learning_rate': 0.10205210312256942, 'subsample': 0.9742633168128163, 'colsample_bytree': 0.7780825198361027}",0.9738848205951852
125,"{'max_depth': 8, 'learning_rate': 0.10205210312256942, 'subsample': 0.9742633168128163, 'colsample_bytree': 0.7780825198361027}",0.9738848205951852
126,"{'max_depth': 8, 'learning_rate': 0.10205210312256942, 'subsample': 0.9885032734640702, 'colsample_bytree': 0.7780825198361027}",0.9738848205951852
127,"{'max_depth': 8, 'learning_rate': 0.10205210312256942, 'subsample': 0.9742633168128163, 'colsample_bytree': 0.7780825198361027}",0.9738848205951852
128,"{'max_depth': 8, 'learning_rate': 0.10205210312256942, 'subsample': 0.9742633168128163, 'colsample_bytree': 0.7780825198361027}",0.9738848205951852
129,"{'max_depth': 8, 'learning_rate': 0.10205210312256942, 'subsample': 0.9742633168128163, 'colsample_bytree': 0.7780825198361027}",0.9738848205951852
130,"{'max_depth': 8, 'learning_rate': 0.10205210312256942, 'subsample': 0.9742633168128163, 'colsample_bytree': 0.7780825198361027}",0.9738848205951852
131,"{'max_depth': 8, 'learning_rate': 0.10205210312256942, 'subsample': 0.9742633168128163, 'colsample_bytree': 0.7780825198361027}",0.9738848205951852
132,"{'max_depth': 8, 'learning_rate': 0.10205210312256942, 'subsample': 0.9742633168128163, 'colsample_bytree': 0.7780825198361027}",0.9738848205951852
133,"{'max_depth': 8, 'learning_rate': 0.10205210312256942, 'subsample': 0.9742633168128163, 'colsample_bytree': 0.7780825198361027}",0.9738848205951852
134,"{'max_depth': 8, 'learning_rate': 0.10205210312256942, 'subsample': 0.9742633168128163, 'colsample_bytree': 0.7780825198361027}",0.9738848205951852
135,"{'max_depth': 8, 'learning_rate': 0.10205210312256942, 'subsample': 0.9742633168128163, 'colsample_bytree': 0.7780825198361027}",0.9738848205951852
136,"{'max_depth': 8, 'learning_rate': 0.10205210312256942, 'subsample': 0.9742633168128163, 'colsample_bytree': 0.7780825198361027}",0.9738848205951852
137,"{'max_depth': 8, 'learning_rate': 0.10205210312256942, 'subsample': 0.9742633168128163, 'colsample_bytree': 0.7780825198361027}",0.9738848205951852
138,"{'max_depth': 8, 'learning_rate': 0.10205210312256942, 'subsample': 0.9742633168128163, 'colsample_bytree': 0.7780825198361027}",0.9738848205951852
139,"{'max_depth': 8, 'learning_rate': 0.10205210312256942, 'subsample': 0.9742633168128163, 'colsample_bytree': 0.7780825198361027}",0.9738848205951852
140,"{'max_depth': 8, 'learning_rate': 0.10205210312256942, 'subsample': 0.9742633168128163, 'colsample_bytree': 0.7780825198361027}",0.9738848205951852
141,"{'max_depth': 8, 'learning_rate': 0.10205210312256942, 'subsample': 0.9742633168128163, 'colsample_bytree': 0.7780825198361027}",0.9738848205951852
142,"{'max_depth': 8, 'learning_rate': 0.10205210312256942, 'subsample': 0.9742633168128163, 'colsample_bytree': 0.7780825198361027}",0.9738848205951852
143,"{'max_depth': 8, 'learning_rate': 0.10205210312256942, 'subsample': 0.9742633168128163, 'colsample_bytree': 0.7780825198361027}",0.9738848205951852
144,"{'max_depth': 8, 'learning_rate': 0.10205210312256942, 'subsample': 0.9742633168128163, 'colsample_bytree': 0.7780825198361027}",0.9738848205951852
145,"{'max_depth': 8, 'learning_rate': 0.10205210312256942, 'subsample': 0.9742633168128163, 'colsample_bytree': 0.7780825198361027}",0.9738848205951852
146,"{'max_depth': 8, 'learning_rate': 0.10205210312256942, 'subsample': 0.9742633168128163, 'colsample_bytree': 0.7780825198361027}",0.9738848205951852
147,"{'max_depth': 8, 'learning_rate': 0.10205210312256942, 'subsample': 0.9742633168128163, 'colsample_bytree': 0.7780825198361027}",0.9738848205951852
148,"{'max_depth': 8, 'learning_rate': 0.10205210312256942, 'subsample': 0.9742633168128163, 'colsample_bytree': 0.7780825198361027}",0.9738848205951852
149,"{'max_depth': 8, 'learning_rate': 0.10205210312256942, 'subsample': 0.9742633168128163, 'colsample_bytree': 0.7780825198361027}",0.9738848205951852
150,"{'max_depth': 8, 'learning_rate': 0.10205210312256942, 'subsample': 0.9742633168128163, 'colsample_bytree': 0.7780825198361027}",0.9738848205951852
151,"{'max_depth': 8, 'learning_rate': 0.10205210312256942, 'subsample': 0.9742633168128163, 'colsample_bytree': 0.7780825198361027}",0.9738848205951852
152,"{'max_depth': 8, 'learning_rate': 0.10205210312256942, 'subsample': 0.9742633168128163, 'colsample_bytree': 0.7780825198361027}",0.9738848205951852
153,"{'max_depth': 8, 'learning_rate': 0.10205210312256942, 'subsample': 0.9742633168128163, 'colsample_bytree': 0.7780825198361027}",0.9738848205951852
154,"{'max_depth': 8, 'learning_rate': 0.10205210312256942, 'subsample': 0.9742633168128163, 'colsample_bytree': 0.7780825198361027}",0.9738848205951852
155,"{'max_depth': 8, 'learning_rate': 0.10205210312256942, 'subsample': 0.9742633168128163, 'colsample_bytree': 0.8108953512725365}",0.9738848205951852
156,"{'max_depth': 8, 'learning_rate': 0.10205210312256942, 'subsample': 0.9742633168128163, 'colsample_bytree': 0.7780825198361027}",0.9738848205951852
157,"{'max_depth': 8, 'learning_rate': 0.10205210312256942, 'subsample': 0.9742633168128163, 'colsample_bytree': 0.7780825198361027}",0.9738848205951852
158,"{'max_depth': 8, 'learning_rate': 0.10205210312256942, 'subsample': 0.9742633168128163, 'colsample_bytree': 0.7780825198361027}",0.9738848205951852
159,"{'max_depth': 8, 'learning_rate': 0.10205210312256942, 'subsample': 0.9742633168128163, 'colsample_bytree': 0.7780825198361027}",0.9738848205951852
160,"{'max_depth': 8, 'learning_rate': 0.10205210312256942, 'subsample': 0.9742633168128163, 'colsample_bytree': 0.7780825198361027}",0.9738848205951852
161,"{'max_depth': 8, 'learning_rate': 0.10205210312256942, 'subsample': 0.9742633168128163, 'colsample_bytree': 0.7780825198361027}",0.9738848205951852
162,"{'max_depth': 8, 'learning_rate': 0.10205210312256942, 'subsample': 0.9742633168128163, 'colsample_bytree': 0.7780825198361027}",0.9738848205951852
163,"{'max_depth': 8, 'learning_rate': 0.10205210312256942, 'subsample': 0.9742633168128163, 'colsample_bytree': 0.7780825198361027}",0.9738848205951852
164,"{'max_depth': 8, 'learning_rate': 0.10205210312256942, 'subsample': 0.9742633168128163, 'colsample_bytree': 0.7780825198361027}",0.9738848205951852
165,"{'max_depth': 8, 'learning_rate': 0.10205210312256942, 'subsample': 0.9742633168128163, 'colsample_bytree': 0.7780825198361027}",0.9738848205951852
166,"{'max_depth': 8, 'learning_rate': 0.10205210312256942, 'subsample': 0.9742633168128163, 'colsample_bytree': 0.7780825198361027}",0.9738848205951852
167,"{'max_depth': 8, 'learning_rate': 0.10205210312256942, 'subsample': 0.9742633168128163, 'colsample_bytree': 0.7780825198361027}",0.9738848205951852
168,"{'max_depth': 8, 'learning_rate': 0.10205210312256942, 'subsample': 0.9742633168128163, 'colsample_bytree': 0.7780825198361027}",0.9738848205951852
169,"{'max_depth': 8, 'learning_rate': 0.10205210312256942, 'subsample': 0.9742633168128163, 'colsample_bytree': 0.9157554456829826}",0.9738848205951852
170,"{'max_depth': 8, 'learning_rate': 0.10205210312256942, 'subsample': 0.9742633168128163, 'colsample_bytree': 0.7780825198361027}",0.9738848205951852
171,"{'max_depth': 8, 'learning_rate': 0.10205210312256942, 'subsample': 0.9742633168128163, 'colsample_bytree': 0.9157554456829826}",0.9738848205951852
172,"{'max_depth': 8, 'learning_rate': 0.10205210312256942, 'subsample': 0.9742633168128163, 'colsample_bytree': 0.7780825198361027}",0.9738848205951852
173,"{'max_depth': 8, 'learning_rate': 0.10205210312256942, 'subsample': 0.9742633168128163, 'colsample_bytree': 0.7780825198361027}",0.9738848205951852
174,"{'max_depth': 8, 'learning_rate': 0.10205210312256942, 'subsample': 0.9742633168128163, 'colsample_bytree': 0.9157554456829826}",0.9738848205951852
175,"{'max_depth': 8, 'learning_rate': 0.10205210312256942, 'subsample': 0.9742633168128163, 'colsample_bytree': 0.7780825198361027}",0.9738848205951852
176,"{'max_depth': 8, 'learning_rate': 0.10205210312256942, 'subsample': 0.9742633168128163, 'colsample_bytree': 0.7780825198361027}",0.9738848205951852
177,"{'max_depth': 8, 'learning_rate': 0.10205210312256942, 'subsample': 0.9742633168128163, 'colsample_bytree': 0.7780825198361027}",0.9738848205951852
178,"{'max_depth': 8, 'learning_rate': 0.10205210312256942, 'subsample': 0.9742633168128163, 'colsample_bytree': 0.7780825198361027}",0.9738848205951852
179,"{'max_depth': 8, 'learning_rate': 0.10205210312256942, 'subsample': 0.9742633168128163, 'colsample_bytree': 0.9157554456829826}",0.9738848205951852
180,"{'max_depth': 8, 'learning_rate': 0.10205210312256942, 'subsample': 0.9742633168128163, 'colsample_bytree': 0.9157554456829826}",0.9738848205951852
181,"{'max_depth': 8, 'learning_rate': 0.10205210312256942, 'subsample': 0.9742633168128163, 'colsample_bytree': 0.9157554456829826}",0.9738848205951852
182,"{'max_depth': 8, 'learning_rate': 0.10205210312256942, 'subsample': 0.9742633168128163, 'colsample_bytree': 0.7780825198361027}",0.9738848205951852
183,"{'max_depth': 8, 'learning_rate': 0.10205210312256942, 'subsample': 0.9742633168128163, 'colsample_bytree': 0.7780825198361027}",0.9738848205951852
184,"{'max_depth': 8, 'learning_rate': 0.10205210312256942, 'subsample': 0.9742633168128163, 'colsample_bytree': 0.7780825198361027}",0.9738848205951852
185,"{'max_depth': 8, 'learning_rate': 0.10205210312256942, 'subsample': 0.9742633168128163, 'colsample_bytree': 0.7780825198361027}",0.9738848205951852
186,"{'max_depth': 8, 'learning_rate': 0.10205210312256942, 'subsample': 0.9742633168128163, 'colsample_bytree': 0.7780825198361027}",0.9738848205951852
187,"{'max_depth': 8, 'learning_rate': 0.10205210312256942, 'subsample': 0.9742633168128163, 'colsample_bytree': 0.7780825198361027}",0.9738848205951852
188,"{'max_depth': 8, 'learning_rate': 0.10205210312256942, 'subsample': 0.9742633168128163, 'colsample_bytree': 0.7780825198361027}",0.9738848205951852
189,"{'max_depth': 8, 'learning_rate': 0.10205210312256942, 'subsample': 0.9742633168128163, 'colsample_bytree': 0.7780825198361027}",0.9738848205951852
190,"{'max_depth': 8, 'learning_rate': 0.10205210312256942, 'subsample': 0.9742633168128163, 'colsample_bytree': 0.7780825198361027}",0.9738848205951852
191,"{'max_depth': 8, 'learning_rate': 0.10205210312256942, 'subsample': 0.9742633168128163, 'colsample_bytree': 0.7780825198361027}",0.9738848205951852
192,"{'max_depth': 7, 'learning_rate': 0.10205210312256942, 'subsample': 0.9742633168128163, 'colsample_bytree': 0.7780825198361027}",0.9738848205951852
193,"{'max_depth': 8, 'learning_rate': 0.10205210312256942, 'subsample': 0.9742633168128163, 'colsample_bytree': 0.7780825198361027}",0.9738848205951852
194,"{'max_depth': 8, 'learning_rate': 0.10205210312256942, 'subsample': 0.9742633168128163, 'colsample_bytree': 0.9157554456829826}",0.9738848205951852
195,"{'max_depth': 8, 'learning_rate': 0.10205210312256942, 'subsample': 0.9742633168128163, 'colsample_bytree': 0.9157554456829826}",0.9738848205951852
196,"{'max_depth': 8, 'learning_rate': 0.10205210312256942, 'subsample': 0.9742633168128163, 'colsample_bytree': 0.7780825198361027}",0.9738848205951852
197,"{'max_depth': 8, 'learning_rate': 0.10205210312256942, 'subsample': 0.9742633168128163, 'colsample_bytree': 0.7780825198361027}",0.9738848205951852
198,"{'max_depth': 8, 'learning_rate': 0.10205210312256942, 'subsample': 0.9742633168128163, 'colsample_bytree': 0.7780825198361027}",0.9738848205951852
199,"{'max_depth': 8, 'learning_rate': 0.10205210312256942, 'subsample': 0.9742633168128163, 'colsample_bytree': 0.7780825198361027}",0.9738848205951852
200,"{'max_depth': 8, 'learning_rate': 0.10205210312256942, 'subsample': 0.9742633168128163, 'colsample_bytree': 0.7780825198361027}",0.9738848205951852
201,"{'max_depth': 8, 'learning_rate': 0.10205210312256942, 'subsample': 0.9742633168128163, 'colsample_bytree': 0.9157554456829826}",0.9738848205951852
202,"{'max_depth': 8, 'learning_rate': 0.10205210312256942, 'subsample': 0.9742633168128163, 'colsample_bytree': 0.9157554456829826}",0.9738848205951852
203,"{'max_depth': 8, 'learning_rate': 0.10205210312256942, 'subsample': 0.9742633168128163, 'colsample_bytree': 0.9157554456829826}",0.9738848205951852
204,"{'max_depth': 8, 'learning_rate': 0.10205210312256942, 'subsample': 0.9742633168128163, 'colsample_bytree': 0.7780825198361027}",0.9738848205951852
205,"{'max_depth': 8, 'learning_rate': 0.10205210312256942, 'subsample': 0.9742633168128163, 'colsample_bytree': 0.7780825198361027}",0.9738848205951852
206,"{'max_depth': 8, 'learning_rate': 0.10205210312256942, 'subsample': 0.9742633168128163, 'colsample_bytree': 0.7780825198361027}",0.9738848205951852
207,"{'max_depth': 8, 'learning_rate': 0.10205210312256942, 'subsample': 0.9742633168128163, 'colsample_bytree': 0.7780825198361027}",0.9738848205951852
208,"{'max_depth': 8, 'learning_rate': 0.10205210312256942, 'subsample': 0.9742633168128163, 'colsample_bytree': 0.7780825198361027}",0.9738848205951852
209,"{'max_depth': 8, 'learning_rate': 0.10205210312256942, 'subsample': 0.9742633168128163, 'colsample_bytree': 0.7780825198361027}",0.9738848205951852
210,"{'max_depth': 8, 'learning_rate': 0.10205210312256942, 'subsample': 0.9742633168128163, 'colsample_bytree': 0.7780825198361027}",0.9738848205951852
211,"{'max_depth': 8, 'learning_rate': 0.10205210312256942, 'subsample': 0.9742633168128163, 'colsample_bytree': 0.9157554456829826}",0.9738848205951852
212,"{'max_depth': 8, 'learning_rate': 0.10205210312256942, 'subsample': 0.9742633168128163, 'colsample_bytree': 0.7780825198361027}",0.9738848205951852
213,"{'max_depth': 8, 'learning_rate': 0.10205210312256942, 'subsample': 0.9742633168128163, 'colsample_bytree': 0.7780825198361027}",0.9738848205951852
214,"{'max_depth': 8, 'learning_rate': 0.10205210312256942, 'subsample': 0.9742633168128163, 'colsample_bytree': 0.7780825198361027}",0.9738848205951852
215,"{'max_depth': 8, 'learning_rate': 0.10205210312256942, 'subsample': 0.9742633168128163, 'colsample_bytree': 0.9157554456829826}",0.9738848205951852
216,"{'max_depth': 8, 'learning_rate': 0.10205210312256942, 'subsample': 0.9742633168128163, 'colsample_bytree': 0.7780825198361027}",0.9738848205951852
217,"{'max_depth': 8, 'learning_rate': 0.10205210312256942, 'subsample': 0.9742633168128163, 'colsample_bytree': 0.7780825198361027}",0.9738848205951852
218,"{'max_depth': 8, 'learning_rate': 0.10205210312256942, 'subsample': 0.9742633168128163, 'colsample_bytree': 0.7780825198361027}",0.9738848205951852
219,"{'max_depth': 8, 'learning_rate': 0.10205210312256942, 'subsample': 0.9742633168128163, 'colsample_bytree': 0.7780825198361027}",0.9738848205951852
220,"{'max_depth': 8, 'learning_rate': 0.10205210312256942, 'subsample': 0.9742633168128163, 'colsample_bytree': 0.7780825198361027}",0.9738848205951852
221,"{'max_depth': 8, 'learning_rate': 0.10205210312256942, 'subsample': 0.9742633168128163, 'colsample_bytree': 0.7780825198361027}",0.9738848205951852
222,"{'max_depth': 8, 'learning_rate': 0.10205210312256942, 'subsample': 0.9742633168128163, 'colsample_bytree': 0.7780825198361027}",0.9738848205951852
223,"{'max_depth': 8, 'learning_rate': 0.10205210312256942, 'subsample': 0.9742633168128163, 'colsample_bytree': 0.7780825198361027}",0.9738848205951852
224,"{'max_depth': 8, 'learning_rate': 0.10205210312256942, 'subsample': 0.9742633168128163, 'colsample_bytree': 0.7780825198361027}",0.9738848205951852
225,"{'max_depth': 8, 'learning_rate': 0.10205210312256942, 'subsample': 0.9742633168128163, 'colsample_bytree': 0.7780825198361027}",0.9738848205951852
226,"{'max_depth': 8, 'learning_rate': 0.10205210312256942, 'subsample': 0.9742633168128163, 'colsample_bytree': 0.7780825198361027}",0.9738848205951852
227,"{'max_depth': 8, 'learning_rate': 0.10205210312256942, 'subsample': 0.9742633168128163, 'colsample_bytree': 0.7780825198361027}",0.9738848205951852
228,"{'max_depth': 8, 'learning_rate': 0.10205210312256942, 'subsample': 0.9742633168128163, 'colsample_bytree': 0.7605829899098558}",0.9738848205951852
229,"{'max_depth': 8, 'learning_rate': 0.10205210312256942, 'subsample': 0.9742633168128163, 'colsample_bytree': 0.7780825198361027}",0.9738848205951852
230,"{'max_depth': 8, 'learning_rate': 0.10205210312256942, 'subsample': 0.9742633168128163, 'colsample_bytree': 0.7780825198361027}",0.9738848205951852
231,"{'max_depth': 8, 'learning_rate': 0.10205210312256942, 'subsample': 0.9742633168128163, 'colsample_bytree': 0.7780825198361027}",0.9738848205951852
232,"{'max_depth': 8, 'learning_rate': 0.10205210312256942, 'subsample': 0.9742633168128163, 'colsample_bytree': 0.7780825198361027}",0.9738848205951852
233,"{'max_depth': 8, 'learning_rate': 0.10205210312256942, 'subsample': 0.9742633168128163, 'colsample_bytree': 0.7780825198361027}",0.9738848205951852
234,"{'max_depth': 8, 'learning_rate': 0.10205210312256942, 'subsample': 0.9742633168128163, 'colsample_bytree': 0.7780825198361027}",0.9738848205951852
235,"{'max_depth': 8, 'learning_rate': 0.10205210312256942, 'subsample': 0.9742633168128163, 'colsample_bytree': 0.7780825198361027}",0.9738848205951852
236,"{'max_depth': 8, 'learning_rate': 0.10205210312256942, 'subsample': 0.9742633168128163, 'colsample_bytree': 0.7780825198361027}",0.9738848205951852
237,"{'max_depth': 8, 'learning_rate': 0.10205210312256942, 'subsample': 0.9742633168128163, 'colsample_bytree': 0.7780825198361027}",0.9738848205951852
238,"{'max_depth': 8, 'learning_rate': 0.10205210312256942, 'subsample': 0.9742633168128163, 'colsample_bytree': 0.7780825198361027}",0.9738848205951852
239,"{'max_depth': 8, 'learning_rate': 0.10205210312256942, 'subsample': 0.9742633168128163, 'colsample_bytree': 0.7780825198361027}",0.9738848205951852
240,"{'max_depth': 8, 'learning_rate': 0.10205210312256942, 'subsample': 0.9742633168128163, 'colsample_bytree': 0.7780825198361027}",0.9738848205951852
241,"{'max_depth': 8, 'learning_rate': 0.10205210312256942, 'subsample': 0.9742633168128163, 'colsample_bytree': 0.7780825198361027}",0.9738848205951852
242,"{'max_depth': 8, 'learning_rate': 0.10205210312256942, 'subsample': 0.9742633168128163, 'colsample_bytree': 0.7780825198361027}",0.9738848205951852
243,"{'max_depth': 8, 'learning_rate': 0.10205210312256942, 'subsample': 0.9742633168128163, 'colsample_bytree': 0.7780825198361027}",0.9738848205951852
244,"{'max_depth': 8, 'learning_rate': 0.10205210312256942, 'subsample': 0.9742633168128163, 'colsample_bytree': 0.7780825198361027}",0.9738848205951852
245,"{'max_depth': 8, 'learning_rate': 0.10205210312256942, 'subsample': 0.9742633168128163, 'colsample_bytree': 0.7780825198361027}",0.9738848205951852
246,"{'max_depth': 8, 'learning_rate': 0.10205210312256942, 'subsample': 0.9742633168128163, 'colsample_bytree': 0.7780825198361027}",0.9738848205951852
247,"{'max_depth': 8, 'learning_rate': 0.10205210312256942, 'subsample': 0.9742633168128163, 'colsample_bytree': 0.7780825198361027}",0.9738848205951852
248,"{'max_depth': 8, 'learning_rate': 0.13076926705578912, 'subsample': 0.9742633168128163, 'colsample_bytree': 0.7780825198361027}",0.9738848205951852
249,"{'max_depth': 8, 'learning_rate': 0.10205210312256942, 'subsample': 0.9742633168128163, 'colsample_bytree': 0.7780825198361027}",0.9738848205951852
250,"{'max_depth': 8, 'learning_rate': 0.10205210312256942, 'subsample': 0.9742633168128163, 'colsample_bytree': 0.7780825198361027}",0.9738848205951852
251,"{'max_depth': 8, 'learning_rate': 0.10205210312256942, 'subsample': 0.9742633168128163, 'colsample_bytree': 0.7780825198361027}",0.9738848205951852
252,"{'max_depth': 8, 'learning_rate': 0.10205210312256942, 'subsample': 0.9742633168128163, 'colsample_bytree': 0.7780825198361027}",0.9738848205951852
253,"{'max_depth': 8, 'learning_rate': 0.10205210312256942, 'subsample': 0.9742633168128163, 'colsample_bytree': 0.7780825198361027}",0.9738848205951852
254,"{'max_depth': 8, 'learning_rate': 0.10205210312256942, 'subsample': 0.9742633168128163, 'colsample_bytree': 0.7780825198361027}",0.9738848205951852
255,"{'max_depth': 8, 'learning_rate': 0.10205210312256942, 'subsample': 0.9742633168128163, 'colsample_bytree': 0.7780825198361027}",0.9738848205951852
256,"{'max_depth': 8, 'learning_rate': 0.10205210312256942, 'subsample': 0.9742633168128163, 'colsample_bytree': 0.7780825198361027}",0.9738848205951852
257,"{'max_depth': 8, 'learning_rate': 0.10205210312256942, 'subsample': 0.9742633168128163, 'colsample_bytree': 0.7780825198361027}",0.9738848205951852
258,"{'max_depth': 8, 'learning_rate': 0.10205210312256942, 'subsample': 0.9742633168128163, 'colsample_bytree': 0.7780825198361027}",0.9738848205951852
259,"{'max_depth': 8, 'learning_rate': 0.23915327907421402, 'subsample': 0.9742633168128163, 'colsample_bytree': 0.7780825198361027}",0.9738848205951852
260,"{'max_depth': 8, 'learning_rate': 0.10205210312256942, 'subsample': 0.9742633168128163, 'colsample_bytree': 0.8708071560671784}",0.9738848205951852
261,"{'max_depth': 8, 'learning_rate': 0.10205210312256942, 'subsample': 0.9742633168128163, 'colsample_bytree': 0.7780825198361027}",0.9738848205951852
262,"{'max_depth': 8, 'learning_rate': 0.10205210312256942, 'subsample': 0.9742633168128163, 'colsample_bytree': 0.7780825198361027}",0.9738848205951852
263,"{'max_depth': 8, 'learning_rate': 0.10205210312256942, 'subsample': 0.9742633168128163, 'colsample_bytree': 0.7780825198361027}",0.9738848205951852
264,"{'max_depth': 8, 'learning_rate': 0.10205210312256942, 'subsample': 0.9742633168128163, 'colsample_bytree': 0.7780825198361027}",0.9738848205951852
265,"{'max_depth': 8, 'learning_rate': 0.10205210312256942, 'subsample': 0.9742633168128163, 'colsample_bytree': 0.7780825198361027}",0.9738848205951852
266,"{'max_depth': 8, 'learning_rate': 0.10205210312256942, 'subsample': 0.9742633168128163, 'colsample_bytree': 0.7780825198361027}",0.9738848205951852
267,"{'max_depth': 8, 'learning_rate': 0.10205210312256942, 'subsample': 0.9742633168128163, 'colsample_bytree': 0.7780825198361027}",0.9738848205951852
268,"{'max_depth': 8, 'learning_rate': 0.10205210312256942, 'subsample': 0.9742633168128163, 'colsample_bytree': 0.7780825198361027}",0.9738848205951852
269,"{'max_depth': 8, 'learning_rate': 0.10205210312256942, 'subsample': 0.9742633168128163, 'colsample_bytree': 0.7780825198361027}",0.9738848205951852
270,"{'max_depth': 8, 'learning_rate': 0.10205210312256942, 'subsample': 0.9742633168128163, 'colsample_bytree': 0.7780825198361027}",0.9738848205951852
271,"{'max_depth': 8, 'learning_rate': 0.10205210312256942, 'subsample': 0.9742633168128163, 'colsample_bytree': 0.7780825198361027}",0.9738848205951852
272,"{'max_depth': 8, 'learning_rate': 0.10205210312256942, 'subsample': 0.9742633168128163, 'colsample_bytree': 0.7780825198361027}",0.9738848205951852
273,"{'max_depth': 8, 'learning_rate': 0.10205210312256942, 'subsample': 0.9742633168128163, 'colsample_bytree': 0.7780825198361027}",0.9738848205951852
274,"{'max_depth': 8, 'learning_rate': 0.10205210312256942, 'subsample': 0.9742633168128163, 'colsample_bytree': 0.7780825198361027}",0.9738848205951852
275,"{'max_depth': 8, 'learning_rate': 0.10205210312256942, 'subsample': 0.9742633168128163, 'colsample_bytree': 0.7780825198361027}",0.9738848205951852
276,"{'max_depth': 8, 'learning_rate': 0.10205210312256942, 'subsample': 0.9742633168128163, 'colsample_bytree': 0.7780825198361027}",0.9738848205951852
277,"{'max_depth': 8, 'learning_rate': 0.10205210312256942, 'subsample': 0.9742633168128163, 'colsample_bytree': 0.7780825198361027}",0.9738848205951852
278,"{'max_depth': 8, 'learning_rate': 0.10205210312256942, 'subsample': 0.9742633168128163, 'colsample_bytree': 0.7780825198361027}",0.9738848205951852
279,"{'max_depth': 8, 'learning_rate': 0.10205210312256942, 'subsample': 0.9742633168128163, 'colsample_bytree': 0.7780825198361027}",0.9738848205951852
280,"{'max_depth': 8, 'learning_rate': 0.10205210312256942, 'subsample': 0.9742633168128163, 'colsample_bytree': 0.7780825198361027}",0.9738848205951852
281,"{'max_depth': 8, 'learning_rate': 0.10205210312256942, 'subsample': 0.9742633168128163, 'colsample_bytree': 0.7780825198361027}",0.9738848205951852
282,"{'max_depth': 8, 'learning_rate': 0.10205210312256942, 'subsample': 0.9742633168128163, 'colsample_bytree': 0.7780825198361027}",0.9738848205951852
283,"{'max_depth': 8, 'learning_rate': 0.10205210312256942, 'subsample': 0.9742633168128163, 'colsample_bytree': 0.7780825198361027}",0.9738848205951852
284,"{'max_depth': 8, 'learning_rate': 0.10205210312256942, 'subsample': 0.9742633168128163, 'colsample_bytree': 0.7780825198361027}",0.9738848205951852
285,"{'max_depth': 8, 'learning_rate': 0.10205210312256942, 'subsample': 0.9742633168128163, 'colsample_bytree': 0.7780825198361027}",0.9738848205951852
286,"{'max_depth': 8, 'learning_rate': 0.10205210312256942, 'subsample': 0.9742633168128163, 'colsample_bytree': 0.7780825198361027}",0.9738848205951852
287,"{'max_depth': 8, 'learning_rate': 0.10205210312256942, 'subsample': 0.9742633168128163, 'colsample_bytree': 0.7780825198361027}",0.9738848205951852
288,"{'max_depth': 8, 'learning_rate': 0.10205210312256942, 'subsample': 0.9742633168128163, 'colsample_bytree': 0.7780825198361027}",0.9738848205951852
289,"{'max_depth': 8, 'learning_rate': 0.10205210312256942, 'subsample': 0.9742633168128163, 'colsample_bytree': 0.7780825198361027}",0.9738848205951852
290,"{'max_depth': 8, 'learning_rate': 0.10205210312256942, 'subsample': 0.9742633168128163, 'colsample_bytree': 0.7780825198361027}",0.9738848205951852
291,"{'max_depth': 8, 'learning_rate': 0.10205210312256942, 'subsample': 0.9742633168128163, 'colsample_bytree': 0.7780825198361027}",0.9738848205951852
292,"{'max_depth': 8, 'learning_rate': 0.10205210312256942, 'subsample': 0.9742633168128163, 'colsample_bytree': 0.7780825198361027}",0.9738848205951852
293,"{'max_depth': 8, 'learning_rate': 0.10205210312256942, 'subsample': 0.9742633168128163, 'colsample_bytree': 0.7780825198361027}",0.9738848205951852
294,"{'max_depth': 8, 'learning_rate': 0.10205210312256942, 'subsample': 0.9742633168128163, 'colsample_bytree': 0.7780825198361027}",0.9738848205951852
295,"{'max_depth': 8, 'learning_rate': 0.10205210312256942, 'subsample': 0.9742633168128163, 'colsample_bytree': 0.7780825198361027}",0.9738848205951852
296,"{'max_depth': 8, 'learning_rate': 0.10205210312256942, 'subsample': 0.9742633168128163, 'colsample_bytree': 0.7780825198361027}",0.9738848205951852
297,"{'max_depth': 8, 'learning_rate': 0.10205210312256942, 'subsample': 0.9742633168128163, 'colsample_bytree': 0.7780825198361027}",0.9738848205951852
298,"{'max_depth': 8, 'learning_rate': 0.10205210312256942, 'subsample': 0.9742633168128163, 'colsample_bytree': 0.7780825198361027}",0.9738848205951852
299,"{'max_depth': 8, 'learning_rate': 0.10205210312256942, 'subsample': 0.9742633168128163, 'colsample_bytree': 0.7780825198361027}",0.9738848205951852
300,"{'max_depth': 8, 'learning_rate': 0.10205210312256942, 'subsample': 0.9742633168128163, 'colsample_bytree': 0.7780825198361027}",0.9738848205951852
301,"{'max_depth': 8, 'learning_rate': 0.10205210312256942, 'subsample': 0.9742633168128163, 'colsample_bytree': 0.7780825198361027}",0.9738848205951852
302,"{'max_depth': 8, 'learning_rate': 0.10205210312256942, 'subsample': 0.9742633168128163, 'colsample_bytree': 0.7780825198361027}",0.9738848205951852
303,"{'max_depth': 8, 'learning_rate': 0.10205210312256942, 'subsample': 0.9742633168128163, 'colsample_bytree': 0.7780825198361027}",0.9738848205951852
304,"{'max_depth': 8, 'learning_rate': 0.10205210312256942, 'subsample': 0.9742633168128163, 'colsample_bytree': 0.7780825198361027}",0.9738848205951852
305,"{'max_depth': 8, 'learning_rate': 0.10205210312256942, 'subsample': 0.9742633168128163, 'colsample_bytree': 0.7780825198361027}",0.9738848205951852
306,"{'max_depth': 8, 'learning_rate': 0.10205210312256942, 'subsample': 0.9742633168128163, 'colsample_bytree': 0.7780825198361027}",0.9738848205951852
307,"{'max_depth': 8, 'learning_rate': 0.10205210312256942, 'subsample': 0.9334418087406801, 'colsample_bytree': 0.7780825198361027}",0.9738848205951852
308,"{'max_depth': 8, 'learning_rate': 0.10205210312256942, 'subsample': 0.9742633168128163, 'colsample_bytree': 0.7780825198361027}",0.9738848205951852
309,"{'max_depth': 8, 'learning_rate': 0.10205210312256942, 'subsample': 0.9742633168128163, 'colsample_bytree': 0.7780825198361027}",0.9738848205951852
310,"{'max_depth': 8, 'learning_rate': 0.10205210312256942, 'subsample': 0.9742633168128163, 'colsample_bytree': 0.7780825198361027}",0.9738848205951852
311,"{'max_depth': 8, 'learning_rate': 0.10205210312256942, 'subsample': 0.9742633168128163, 'colsample_bytree': 0.7780825198361027}",0.9738848205951852
312,"{'max_depth': 8, 'learning_rate': 0.10205210312256942, 'subsample': 0.9742633168128163, 'colsample_bytree': 0.7780825198361027}",0.9738848205951852
313,"{'max_depth': 8, 'learning_rate': 0.10205210312256942, 'subsample': 0.9742633168128163, 'colsample_bytree': 0.7780825198361027}",0.9738848205951852
314,"{'max_depth': 8, 'learning_rate': 0.10205210312256942, 'subsample': 0.9742633168128163, 'colsample_bytree': 0.7780825198361027}",0.9738848205951852
315,"{'max_depth': 8, 'learning_rate': 0.10205210312256942, 'subsample': 0.9742633168128163, 'colsample_bytree': 0.7780825198361027}",0.9738848205951852
316,"{'max_depth': 8, 'learning_rate': 0.10205210312256942, 'subsample': 0.9742633168128163, 'colsample_bytree': 0.7780825198361027}",0.9738848205951852
317,"{'max_depth': 8, 'learning_rate': 0.10205210312256942, 'subsample': 0.9742633168128163, 'colsample_bytree': 0.7780825198361027}",0.9738848205951852
318,"{'max_depth': 8, 'learning_rate': 0.10205210312256942, 'subsample': 0.9742633168128163, 'colsample_bytree': 0.7780825198361027}",0.9738848205951852
319,"{'max_depth': 8, 'learning_rate': 0.10205210312256942, 'subsample': 0.9742633168128163, 'colsample_bytree': 0.7780825198361027}",0.9738848205951852
320,"{'max_depth': 8, 'learning_rate': 0.10205210312256942, 'subsample': 0.9742633168128163, 'colsample_bytree': 0.7780825198361027}",0.9738848205951852
321,"{'max_depth': 8, 'learning_rate': 0.10205210312256942, 'subsample': 0.9742633168128163, 'colsample_bytree': 0.7780825198361027}",0.9738848205951852
322,"{'max_depth': 8, 'learning_rate': 0.10205210312256942, 'subsample': 0.9742633168128163, 'colsample_bytree': 0.7780825198361027}",0.9738848205951852
323,"{'max_depth': 8, 'learning_rate': 0.10205210312256942, 'subsample': 0.9742633168128163, 'colsample_bytree': 0.7780825198361027}",0.9738848205951852
324,"{'max_depth': 8, 'learning_rate': 0.10205210312256942, 'subsample': 0.9742633168128163, 'colsample_bytree': 0.7780825198361027}",0.9738848205951852
325,"{'max_depth': 8, 'learning_rate': 0.10205210312256942, 'subsample': 0.9742633168128163, 'colsample_bytree': 0.7780825198361027}",0.9738848205951852
326,"{'max_depth': 8, 'learning_rate': 0.10205210312256942, 'subsample': 0.9742633168128163, 'colsample_bytree': 0.7780825198361027}",0.9738848205951852
327,"{'max_depth': 8, 'learning_rate': 0.10205210312256942, 'subsample': 0.9742633168128163, 'colsample_bytree': 0.7780825198361027}",0.9738848205951852
328,"{'max_depth': 8, 'learning_rate': 0.10205210312256942, 'subsample': 0.9742633168128163, 'colsample_bytree': 0.7780825198361027}",0.9738848205951852
329,"{'max_depth': 8, 'learning_rate': 0.10205210312256942, 'subsample': 0.9742633168128163, 'colsample_bytree': 0.7780825198361027}",0.9738848205951852
330,"{'max_depth': 8, 'learning_rate': 0.10205210312256942, 'subsample': 0.9742633168128163, 'colsample_bytree': 0.7780825198361027}",0.9738848205951852
331,"{'max_depth': 8, 'learning_rate': 0.10205210312256942, 'subsample': 0.9742633168128163, 'colsample_bytree': 0.7780825198361027}",0.9738848205951852
332,"{'max_depth': 8, 'learning_rate': 0.10205210312256942, 'subsample': 0.9742633168128163, 'colsample_bytree': 0.7780825198361027}",0.9738848205951852
333,"{'max_depth': 8, 'learning_rate': 0.10205210312256942, 'subsample': 0.9742633168128163, 'colsample_bytree': 0.7780825198361027}",0.9738848205951852
334,"{'max_depth': 8, 'learning_rate': 0.10205210312256942, 'subsample': 0.9742633168128163, 'colsample_bytree': 0.7780825198361027}",0.9738848205951852
335,"{'max_depth': 8, 'learning_rate': 0.10205210312256942, 'subsample': 0.9742633168128163, 'colsample_bytree': 0.7780825198361027}",0.9738848205951852
336,"{'max_depth': 8, 'learning_rate': 0.10205210312256942, 'subsample': 0.9742633168128163, 'colsample_bytree': 0.7780825198361027}",0.9738848205951852
337,"{'max_depth': 8, 'learning_rate': 0.10205210312256942, 'subsample': 0.9742633168128163, 'colsample_bytree': 0.7780825198361027}",0.9738848205951852
338,"{'max_depth': 8, 'learning_rate': 0.10205210312256942, 'subsample': 0.9742633168128163, 'colsample_bytree': 0.7780825198361027}",0.9738848205951852
339,"{'max_depth': 8, 'learning_rate': 0.10205210312256942, 'subsample': 0.9742633168128163, 'colsample_bytree': 0.7780825198361027}",0.9738848205951852
340,"{'max_depth': 8, 'learning_rate': 0.10205210312256942, 'subsample': 0.9742633168128163, 'colsample_bytree': 0.7780825198361027}",0.9738848205951852
341,"{'max_depth': 8, 'learning_rate': 0.10205210312256942, 'subsample': 0.9742633168128163, 'colsample_bytree': 0.7780825198361027}",0.9738848205951852
342,"{'max_depth': 8, 'learning_rate': 0.10205210312256942, 'subsample': 0.9742633168128163, 'colsample_bytree': 0.7780825198361027}",0.9738848205951852
343,"{'max_depth': 8, 'learning_rate': 0.10205210312256942, 'subsample': 0.9742633168128163, 'colsample_bytree': 0.7780825198361027}",0.9738848205951852
344,"{'max_depth': 8, 'learning_rate': 0.10205210312256942, 'subsample': 0.9742633168128163, 'colsample_bytree': 0.7780825198361027}",0.9738848205951852
345,"{'max_depth': 8, 'learning_rate': 0.10205210312256942, 'subsample': 0.9742633168128163, 'colsample_bytree': 0.7780825198361027}",0.9738848205951852
346,"{'max_depth': 8, 'learning_rate': 0.10205210312256942, 'subsample': 0.9742633168128163, 'colsample_bytree': 0.7780825198361027}",0.9738848205951852
347,"{'max_depth': 8, 'learning_rate': 0.10205210312256942, 'subsample': 0.9742633168128163, 'colsample_bytree': 0.7780825198361027}",0.9738848205951852
348,"{'max_depth': 8, 'learning_rate': 0.10205210312256942, 'subsample': 0.9742633168128163, 'colsample_bytree': 0.7780825198361027}",0.9738848205951852
349,"{'max_depth': 8, 'learning_rate': 0.10205210312256942, 'subsample': 0.9742633168128163, 'colsample_bytree': 0.7780825198361027}",0.9738848205951852
350,"{'max_depth': 8, 'learning_rate': 0.10205210312256942, 'subsample': 0.9742633168128163, 'colsample_bytree': 0.7780825198361027}",0.9738848205951852
351,"{'max_depth': 8, 'learning_rate': 0.10205210312256942, 'subsample': 0.9742633168128163, 'colsample_bytree': 0.7780825198361027}",0.9738848205951852
352,"{'max_depth': 8, 'learning_rate': 0.10205210312256942, 'subsample': 0.9742633168128163, 'colsample_bytree': 0.7780825198361027}",0.9738848205951852
353,"{'max_depth': 8, 'learning_rate': 0.10205210312256942, 'subsample': 0.9742633168128163, 'colsample_bytree': 0.7780825198361027}",0.9738848205951852
354,"{'max_depth': 8, 'learning_rate': 0.10205210312256942, 'subsample': 0.9742633168128163, 'colsample_bytree': 0.7780825198361027}",0.9738848205951852
355,"{'max_depth': 8, 'learning_rate': 0.10205210312256942, 'subsample': 0.9742633168128163, 'colsample_bytree': 0.7780825198361027}",0.9738848205951852
356,"{'max_depth': 8, 'learning_rate': 0.10205210312256942, 'subsample': 0.9742633168128163, 'colsample_bytree': 0.7780825198361027}",0.9738848205951852
357,"{'max_depth': 8, 'learning_rate': 0.10205210312256942, 'subsample': 0.9742633168128163, 'colsample_bytree': 0.7780825198361027}",0.9738848205951852
358,"{'max_depth': 8, 'learning_rate': 0.10205210312256942, 'subsample': 0.9742633168128163, 'colsample_bytree': 0.7780825198361027}",0.9738848205951852
359,"{'max_depth': 8, 'learning_rate': 0.14911090278787933, 'subsample': 0.9742633168128163, 'colsample_bytree': 0.8602923232791001}",0.9738848205951852
360,"{'max_depth': 8, 'learning_rate': 0.10205210312256942, 'subsample': 0.9742633168128163, 'colsample_bytree': 0.7780825198361027}",0.9738848205951852
361,"{'max_depth': 8, 'learning_rate': 0.10205210312256942, 'subsample': 0.9742633168128163, 'colsample_bytree': 0.7780825198361027}",0.9738848205951852
362,"{'max_depth': 8, 'learning_rate': 0.10205210312256942, 'subsample': 0.9742633168128163, 'colsample_bytree': 0.8602923232791001}",0.9738848205951852
363,"{'max_depth': 8, 'learning_rate': 0.10205210312256942, 'subsample': 0.9742633168128163, 'colsample_bytree': 0.7780825198361027}",0.9738848205951852
364,"{'max_depth': 8, 'learning_rate': 0.10205210312256942, 'subsample': 0.9742633168128163, 'colsample_bytree': 0.7780825198361027}",0.9738848205951852
365,"{'max_depth': 8, 'learning_rate': 0.10205210312256942, 'subsample': 0.9742633168128163, 'colsample_bytree': 0.7780825198361027}",0.9738848205951852
366,"{'max_depth': 8, 'learning_rate': 0.10205210312256942, 'subsample': 0.9742633168128163, 'colsample_bytree': 0.7780825198361027}",0.9738848205951852
367,"{'max_depth': 8, 'learning_rate': 0.10205210312256942, 'subsample': 0.9742633168128163, 'colsample_bytree': 0.7780825198361027}",0.9738848205951852
368,"{'max_depth': 8, 'learning_rate': 0.10205210312256942, 'subsample': 0.9742633168128163, 'colsample_bytree': 0.7780825198361027}",0.9738848205951852
369,"{'max_depth': 8, 'learning_rate': 0.10205210312256942, 'subsample': 0.9742633168128163, 'colsample_bytree': 0.7780825198361027}",0.9738848205951852
370,"{'max_depth': 8, 'learning_rate': 0.10205210312256942, 'subsample': 0.9742633168128163, 'colsample_bytree': 0.7780825198361027}",0.9738848205951852
371,"{'max_depth': 8, 'learning_rate': 0.10205210312256942, 'subsample': 0.9742633168128163, 'colsample_bytree': 0.7780825198361027}",0.9738848205951852
372,"{'max_depth': 8, 'learning_rate': 0.10205210312256942, 'subsample': 0.9742633168128163, 'colsample_bytree': 0.7780825198361027}",0.9738848205951852
373,"{'max_depth': 8, 'learning_rate': 0.10205210312256942, 'subsample': 0.9742633168128163, 'colsample_bytree': 0.793993058547495}",0.9738848205951852
374,"{'max_depth': 8, 'learning_rate': 0.10205210312256942, 'subsample': 0.9742633168128163, 'colsample_bytree': 0.7780825198361027}",0.9738848205951852
375,"{'max_depth': 8, 'learning_rate': 0.10205210312256942, 'subsample': 0.9742633168128163, 'colsample_bytree': 0.7780825198361027}",0.9738848205951852
376,"{'max_depth': 8, 'learning_rate': 0.10205210312256942, 'subsample': 0.9742633168128163, 'colsample_bytree': 0.7780825198361027}",0.9738848205951852
377,"{'max_depth': 8, 'learning_rate': 0.10205210312256942, 'subsample': 0.9742633168128163, 'colsample_bytree': 0.7780825198361027}",0.9738848205951852
378,"{'max_depth': 8, 'learning_rate': 0.16446836058508424, 'subsample': 0.9742633168128163, 'colsample_bytree': 0.7780825198361027}",0.9738848205951852
379,"{'max_depth': 8, 'learning_rate': 0.10205210312256942, 'subsample': 0.9742633168128163, 'colsample_bytree': 0.7780825198361027}",0.9738848205951852
380,"{'max_depth': 8, 'learning_rate': 0.10205210312256942, 'subsample': 0.9742633168128163, 'colsample_bytree': 0.7780825198361027}",0.9738848205951852
381,"{'max_depth': 8, 'learning_rate': 0.10205210312256942, 'subsample': 0.9742633168128163, 'colsample_bytree': 0.7780825198361027}",0.9738848205951852
382,"{'max_depth': 8, 'learning_rate': 0.10205210312256942, 'subsample': 0.9742633168128163, 'colsample_bytree': 0.7780825198361027}",0.9738848205951852
383,"{'max_depth': 8, 'learning_rate': 0.10205210312256942, 'subsample': 0.9742633168128163, 'colsample_bytree': 0.7780825198361027}",0.9738848205951852
384,"{'max_depth': 8, 'learning_rate': 0.10205210312256942, 'subsample': 0.9742633168128163, 'colsample_bytree': 0.7780825198361027}",0.9738848205951852
385,"{'max_depth': 8, 'learning_rate': 0.10205210312256942, 'subsample': 0.9742633168128163, 'colsample_bytree': 0.7780825198361027}",0.9738848205951852
386,"{'max_depth': 8, 'learning_rate': 0.10205210312256942, 'subsample': 0.9742633168128163, 'colsample_bytree': 0.7780825198361027}",0.9738848205951852
387,"{'max_depth': 8, 'learning_rate': 0.10205210312256942, 'subsample': 0.9742633168128163, 'colsample_bytree': 0.7780825198361027}",0.9738848205951852
388,"{'max_depth': 8, 'learning_rate': 0.10205210312256942, 'subsample': 0.9742633168128163, 'colsample_bytree': 0.7780825198361027}",0.9738848205951852
389,"{'max_depth': 8, 'learning_rate': 0.10205210312256942, 'subsample': 0.9742633168128163, 'colsample_bytree': 0.7780825198361027}",0.9738848205951852
390,"{'max_depth': 8, 'learning_rate': 0.10205210312256942, 'subsample': 0.9742633168128163, 'colsample_bytree': 0.7780825198361027}",0.9738848205951852
391,"{'max_depth': 8, 'learning_rate': 0.10205210312256942, 'subsample': 0.9742633168128163, 'colsample_bytree': 0.7780825198361027}",0.9738848205951852
392,"{'max_depth': 8, 'learning_rate': 0.10205210312256942, 'subsample': 0.9742633168128163, 'colsample_bytree': 0.7780825198361027}",0.9738848205951852
393,"{'max_depth': 8, 'learning_rate': 0.10205210312256942, 'subsample': 0.9742633168128163, 'colsample_bytree': 0.7780825198361027}",0.9738848205951852
394,"{'max_depth': 8, 'learning_rate': 0.10205210312256942, 'subsample': 0.9742633168128163, 'colsample_bytree': 0.7780825198361027}",0.9738848205951852
395,"{'max_depth': 8, 'learning_rate': 0.10205210312256942, 'subsample': 0.9742633168128163, 'colsample_bytree': 0.7780825198361027}",0.9738848205951852
396,"{'max_depth': 8, 'learning_rate': 0.10205210312256942, 'subsample': 0.9742633168128163, 'colsample_bytree': 0.7780825198361027}",0.9738848205951852
397,"{'max_depth': 8, 'learning_rate': 0.10205210312256942, 'subsample': 0.9742633168128163, 'colsample_bytree': 0.7780825198361027}",0.9738848205951852
398,"{'max_depth': 8, 'learning_rate': 0.10205210312256942, 'subsample': 0.9742633168128163, 'colsample_bytree': 0.7780825198361027}",0.9738848205951852
399,"{'max_depth': 8, 'learning_rate': 0.10205210312256942, 'subsample': 0.9742633168128163, 'colsample_bytree': 0.7780825198361027}",0.9738848205951852
400,"{'max_depth': 8, 'learning_rate': 0.10205210312256942, 'subsample': 0.9742633168128163, 'colsample_bytree': 0.7780825198361027}",0.9738848205951852
401,"{'max_depth': 8, 'learning_rate': 0.10205210312256942, 'subsample': 0.9742633168128163, 'colsample_bytree': 0.7780825198361027}",0.9738848205951852
402,"{'max_depth': 8, 'learning_rate': 0.10205210312256942, 'subsample': 0.9742633168128163, 'colsample_bytree': 0.7780825198361027}",0.9738848205951852
403,"{'max_depth': 8, 'learning_rate': 0.10205210312256942, 'subsample': 0.9742633168128163, 'colsample_bytree': 0.7780825198361027}",0.9738848205951852
404,"{'max_depth': 8, 'learning_rate': 0.10205210312256942, 'subsample': 0.9742633168128163, 'colsample_bytree': 0.7780825198361027}",0.9738848205951852
405,"{'max_depth': 8, 'learning_rate': 0.10205210312256942, 'subsample': 0.9742633168128163, 'colsample_bytree': 0.7780825198361027}",0.9738848205951852
406,"{'max_depth': 8, 'learning_rate': 0.10205210312256942, 'subsample': 0.9742633168128163, 'colsample_bytree': 0.7780825198361027}",0.9738848205951852
407,"{'max_depth': 8, 'learning_rate': 0.10205210312256942, 'subsample': 0.9742633168128163, 'colsample_bytree': 0.7780825198361027}",0.9738848205951852
408,"{'max_depth': 8, 'learning_rate': 0.10205210312256942, 'subsample': 0.9742633168128163, 'colsample_bytree': 0.7780825198361027}",0.9738848205951852
409,"{'max_depth': 8, 'learning_rate': 0.14883822222703397, 'subsample': 0.9742633168128163, 'colsample_bytree': 0.7780825198361027}",0.9738848205951852
410,"{'max_depth': 8, 'learning_rate': 0.10205210312256942, 'subsample': 0.9742633168128163, 'colsample_bytree': 0.7780825198361027}",0.9738848205951852
411,"{'max_depth': 8, 'learning_rate': 0.10205210312256942, 'subsample': 0.9742633168128163, 'colsample_bytree': 0.7780825198361027}",0.9738848205951852
412,"{'max_depth': 8, 'learning_rate': 0.10205210312256942, 'subsample': 0.9742633168128163, 'colsample_bytree': 0.7780825198361027}",0.9738848205951852
413,"{'max_depth': 8, 'learning_rate': 0.10205210312256942, 'subsample': 0.9742633168128163, 'colsample_bytree': 0.7780825198361027}",0.9738848205951852
414,"{'max_depth': 8, 'learning_rate': 0.10205210312256942, 'subsample': 0.9742633168128163, 'colsample_bytree': 0.7780825198361027}",0.9738848205951852
415,"{'max_depth': 8, 'learning_rate': 0.10205210312256942, 'subsample': 0.9742633168128163, 'colsample_bytree': 0.7780825198361027}",0.9738848205951852
416,"{'max_depth': 8, 'learning_rate': 0.10205210312256942, 'subsample': 0.9742633168128163, 'colsample_bytree': 0.7780825198361027}",0.9738848205951852
417,"{'max_depth': 8, 'learning_rate': 0.10205210312256942, 'subsample': 0.9742633168128163, 'colsample_bytree': 0.7780825198361027}",0.9738848205951852
418,"{'max_depth': 8, 'learning_rate': 0.10205210312256942, 'subsample': 0.9742633168128163, 'colsample_bytree': 0.7780825198361027}",0.9738848205951852
419,"{'max_depth': 8, 'learning_rate': 0.10205210312256942, 'subsample': 0.9742633168128163, 'colsample_bytree': 0.7780825198361027}",0.9738848205951852
420,"{'max_depth': 8, 'learning_rate': 0.10205210312256942, 'subsample': 0.9742633168128163, 'colsample_bytree': 0.7780825198361027}",0.9738848205951852
421,"{'max_depth': 8, 'learning_rate': 0.10205210312256942, 'subsample': 0.9742633168128163, 'colsample_bytree': 0.7780825198361027}",0.9738848205951852
422,"{'max_depth': 8, 'learning_rate': 0.10205210312256942, 'subsample': 0.9742633168128163, 'colsample_bytree': 0.7780825198361027}",0.9738848205951852
423,"{'max_depth': 8, 'learning_rate': 0.10205210312256942, 'subsample': 0.8649747496175124, 'colsample_bytree': 0.7780825198361027}",0.9738848205951852
424,"{'max_depth': 8, 'learning_rate': 0.10205210312256942, 'subsample': 0.9742633168128163, 'colsample_bytree': 0.7780825198361027}",0.9738848205951852
425,"{'max_depth': 8, 'learning_rate': 0.10205210312256942, 'subsample': 0.9742633168128163, 'colsample_bytree': 0.7780825198361027}",0.9738848205951852
426,"{'max_depth': 8, 'learning_rate': 0.10205210312256942, 'subsample': 0.9742633168128163, 'colsample_bytree': 0.7780825198361027}",0.9738848205951852
427,"{'max_depth': 8, 'learning_rate': 0.10205210312256942, 'subsample': 0.9742633168128163, 'colsample_bytree': 0.7780825198361027}",0.9738848205951852
428,"{'max_depth': 8, 'learning_rate': 0.10205210312256942, 'subsample': 0.9742633168128163, 'colsample_bytree': 0.7780825198361027}",0.9738848205951852
429,"{'max_depth': 8, 'learning_rate': 0.10205210312256942, 'subsample': 0.9742633168128163, 'colsample_bytree': 0.7780825198361027}",0.9738848205951852
430,"{'max_depth': 8, 'learning_rate': 0.10205210312256942, 'subsample': 0.9742633168128163, 'colsample_bytree': 0.7780825198361027}",0.9738848205951852
431,"{'max_depth': 8, 'learning_rate': 0.10205210312256942, 'subsample': 0.9742633168128163, 'colsample_bytree': 0.7780825198361027}",0.9738848205951852
432,"{'max_depth': 8, 'learning_rate': 0.10205210312256942, 'subsample': 0.9742633168128163, 'colsample_bytree': 0.7780825198361027}",0.9738848205951852
433,"{'max_depth': 8, 'learning_rate': 0.10205210312256942, 'subsample': 0.9742633168128163, 'colsample_bytree': 0.7780825198361027}",0.9738848205951852
434,"{'max_depth': 8, 'learning_rate': 0.10205210312256942, 'subsample': 0.9742633168128163, 'colsample_bytree': 0.7780825198361027}",0.9738848205951852
435,"{'max_depth': 8, 'learning_rate': 0.10205210312256942, 'subsample': 0.9742633168128163, 'colsample_bytree': 0.7780825198361027}",0.9738848205951852
436,"{'max_depth': 8, 'learning_rate': 0.10205210312256942, 'subsample': 0.9742633168128163, 'colsample_bytree': 0.7780825198361027}",0.9738848205951852
437,"{'max_depth': 8, 'learning_rate': 0.10205210312256942, 'subsample': 0.9742633168128163, 'colsample_bytree': 0.7780825198361027}",0.9738848205951852
438,"{'max_depth': 8, 'learning_rate': 0.10205210312256942, 'subsample': 0.9742633168128163, 'colsample_bytree': 0.7780825198361027}",0.9738848205951852
439,"{'max_depth': 8, 'learning_rate': 0.10205210312256942, 'subsample': 0.9742633168128163, 'colsample_bytree': 0.7780825198361027}",0.9738848205951852
440,"{'max_depth': 8, 'learning_rate': 0.10205210312256942, 'subsample': 0.9742633168128163, 'colsample_bytree': 0.7780825198361027}",0.9738848205951852
441,"{'max_depth': 8, 'learning_rate': 0.10205210312256942, 'subsample': 0.9742633168128163, 'colsample_bytree': 0.7780825198361027}",0.9738848205951852
442,"{'max_depth': 8, 'learning_rate': 0.10205210312256942, 'subsample': 0.9742633168128163, 'colsample_bytree': 0.7780825198361027}",0.9738848205951852
443,"{'max_depth': 8, 'learning_rate': 0.10205210312256942, 'subsample': 0.9742633168128163, 'colsample_bytree': 0.7780825198361027}",0.9738848205951852
444,"{'max_depth': 8, 'learning_rate': 0.10205210312256942, 'subsample': 0.9742633168128163, 'colsample_bytree': 0.7780825198361027}",0.9738848205951852
445,"{'max_depth': 8, 'learning_rate': 0.10205210312256942, 'subsample': 0.9742633168128163, 'colsample_bytree': 0.7780825198361027}",0.9738848205951852
446,"{'max_depth': 8, 'learning_rate': 0.10205210312256942, 'subsample': 0.9742633168128163, 'colsample_bytree': 0.7780825198361027}",0.9738848205951852
447,"{'max_depth': 8, 'learning_rate': 0.10205210312256942, 'subsample': 0.9742633168128163, 'colsample_bytree': 0.7780825198361027}",0.9738848205951852
448,"{'max_depth': 8, 'learning_rate': 0.10205210312256942, 'subsample': 0.9742633168128163, 'colsample_bytree': 0.7780825198361027}",0.9738848205951852
449,"{'max_depth': 8, 'learning_rate': 0.10205210312256942, 'subsample': 0.9742633168128163, 'colsample_bytree': 0.7780825198361027}",0.9738848205951852
450,"{'max_depth': 8, 'learning_rate': 0.10205210312256942, 'subsample': 0.9742633168128163, 'colsample_bytree': 0.7780825198361027}",0.9738848205951852
451,"{'max_depth': 8, 'learning_rate': 0.10205210312256942, 'subsample': 0.9742633168128163, 'colsample_bytree': 0.7342239844927363}",0.9738848205951852
452,"{'max_depth': 8, 'learning_rate': 0.10205210312256942, 'subsample': 0.9742633168128163, 'colsample_bytree': 0.7342239844927363}",0.9738848205951852
453,"{'max_depth': 8, 'learning_rate': 0.10205210312256942, 'subsample': 0.9742633168128163, 'colsample_bytree': 0.7780825198361027}",0.9738848205951852
454,"{'max_depth': 8, 'learning_rate': 0.10205210312256942, 'subsample': 0.9742633168128163, 'colsample_bytree': 0.7780825198361027}",0.9738848205951852
455,"{'max_depth': 8, 'learning_rate': 0.10205210312256942, 'subsample': 0.9742633168128163, 'colsample_bytree': 0.7780825198361027}",0.9738848205951852
456,"{'max_depth': 8, 'learning_rate': 0.16684984073873332, 'subsample': 0.9742633168128163, 'colsample_bytree': 0.7780825198361027}",0.9738848205951852
457,"{'max_depth': 8, 'learning_rate': 0.10205210312256942, 'subsample': 0.9742633168128163, 'colsample_bytree': 0.7780825198361027}",0.9738848205951852
458,"{'max_depth': 8, 'learning_rate': 0.10205210312256942, 'subsample': 0.9742633168128163, 'colsample_bytree': 0.7780825198361027}",0.9738848205951852
459,"{'max_depth': 8, 'learning_rate': 0.10205210312256942, 'subsample': 0.9742633168128163, 'colsample_bytree': 0.7780825198361027}",0.9738848205951852
460,"{'max_depth': 8, 'learning_rate': 0.10205210312256942, 'subsample': 0.9742633168128163, 'colsample_bytree': 0.7780825198361027}",0.9738848205951852
461,"{'max_depth': 8, 'learning_rate': 0.10205210312256942, 'subsample': 0.9742633168128163, 'colsample_bytree': 0.7780825198361027}",0.9738848205951852
462,"{'max_depth': 8, 'learning_rate': 0.10205210312256942, 'subsample': 0.9742633168128163, 'colsample_bytree': 0.7780825198361027}",0.9738848205951852
463,"{'max_depth': 8, 'learning_rate': 0.10205210312256942, 'subsample': 0.9742633168128163, 'colsample_bytree': 0.7780825198361027}",0.9738848205951852
464,"{'max_depth': 8, 'learning_rate': 0.10205210312256942, 'subsample': 0.9742633168128163, 'colsample_bytree': 0.7780825198361027}",0.9738848205951852
465,"{'max_depth': 8, 'learning_rate': 0.10205210312256942, 'subsample': 0.9742633168128163, 'colsample_bytree': 0.7780825198361027}",0.9738848205951852
466,"{'max_depth': 8, 'learning_rate': 0.10205210312256942, 'subsample': 0.9742633168128163, 'colsample_bytree': 0.7780825198361027}",0.9738848205951852
467,"{'max_depth': 8, 'learning_rate': 0.10205210312256942, 'subsample': 0.9742633168128163, 'colsample_bytree': 0.7780825198361027}",0.9738848205951852
468,"{'max_depth': 8, 'learning_rate': 0.10205210312256942, 'subsample': 0.9742633168128163, 'colsample_bytree': 0.7780825198361027}",0.9738848205951852
469,"{'max_depth': 8, 'learning_rate': 0.10205210312256942, 'subsample': 0.9742633168128163, 'colsample_bytree': 0.7780825198361027}",0.9738848205951852
470,"{'max_depth': 8, 'learning_rate': 0.10205210312256942, 'subsample': 0.9742633168128163, 'colsample_bytree': 0.7780825198361027}",0.9738848205951852
471,"{'max_depth': 8, 'learning_rate': 0.10205210312256942, 'subsample': 0.9742633168128163, 'colsample_bytree': 0.7780825198361027}",0.9738848205951852
472,"{'max_depth': 8, 'learning_rate': 0.10205210312256942, 'subsample': 0.9742633168128163, 'colsample_bytree': 0.7780825198361027}",0.9738848205951852
473,"{'max_depth': 8, 'learning_rate': 0.10205210312256942, 'subsample': 0.9742633168128163, 'colsample_bytree': 0.7780825198361027}",0.9738848205951852
474,"{'max_depth': 8, 'learning_rate': 0.10205210312256942, 'subsample': 0.9742633168128163, 'colsample_bytree': 0.7780825198361027}",0.9738848205951852
475,"{'max_depth': 8, 'learning_rate': 0.10205210312256942, 'subsample': 0.9742633168128163, 'colsample_bytree': 0.7780825198361027}",0.9738848205951852
476,"{'max_depth': 8, 'learning_rate': 0.10205210312256942, 'subsample': 0.9742633168128163, 'colsample_bytree': 0.7780825198361027}",0.9738848205951852
477,"{'max_depth': 8, 'learning_rate': 0.10205210312256942, 'subsample': 0.9742633168128163, 'colsample_bytree': 0.7780825198361027}",0.9738848205951852
478,"{'max_depth': 8, 'learning_rate': 0.10205210312256942, 'subsample': 0.9742633168128163, 'colsample_bytree': 0.7780825198361027}",0.9738848205951852
479,"{'max_depth': 8, 'learning_rate': 0.10205210312256942, 'subsample': 0.9742633168128163, 'colsample_bytree': 0.7780825198361027}",0.9738848205951852
480,"{'max_depth': 8, 'learning_rate': 0.10205210312256942, 'subsample': 0.9742633168128163, 'colsample_bytree': 0.7780825198361027}",0.9738848205951852
481,"{'max_depth': 8, 'learning_rate': 0.10205210312256942, 'subsample': 0.9742633168128163, 'colsample_bytree': 0.7780825198361027}",0.9738848205951852
482,"{'max_depth': 8, 'learning_rate': 0.10205210312256942, 'subsample': 0.9742633168128163, 'colsample_bytree': 0.7780825198361027}",0.9738848205951852
483,"{'max_depth': 8, 'learning_rate': 0.10205210312256942, 'subsample': 0.9742633168128163, 'colsample_bytree': 0.7780825198361027}",0.9738848205951852
484,"{'max_depth': 8, 'learning_rate': 0.10205210312256942, 'subsample': 0.9742633168128163, 'colsample_bytree': 0.7780825198361027}",0.9738848205951852
485,"{'max_depth': 8, 'learning_rate': 0.10205210312256942, 'subsample': 0.9742633168128163, 'colsample_bytree': 0.7780825198361027}",0.9738848205951852
486,"{'max_depth': 8, 'learning_rate': 0.10205210312256942, 'subsample': 0.9742633168128163, 'colsample_bytree': 0.7780825198361027}",0.9738848205951852
487,"{'max_depth': 8, 'learning_rate': 0.10205210312256942, 'subsample': 0.9742633168128163, 'colsample_bytree': 0.7780825198361027}",0.9738848205951852
488,"{'max_depth': 8, 'learning_rate': 0.10205210312256942, 'subsample': 0.9742633168128163, 'colsample_bytree': 0.7780825198361027}",0.9738848205951852
489,"{'max_depth': 8, 'learning_rate': 0.10205210312256942, 'subsample': 0.9742633168128163, 'colsample_bytree': 0.7780825198361027}",0.9738848205951852
490,"{'max_depth': 8, 'learning_rate': 0.10205210312256942, 'subsample': 0.9742633168128163, 'colsample_bytree': 0.7780825198361027}",0.9738848205951852
491,"{'max_depth': 8, 'learning_rate': 0.10205210312256942, 'subsample': 0.9742633168128163, 'colsample_bytree': 0.7780825198361027}",0.9738848205951852
492,"{'max_depth': 8, 'learning_rate': 0.10205210312256942, 'subsample': 0.9742633168128163, 'colsample_bytree': 0.7780825198361027}",0.9738848205951852
493,"{'max_depth': 8, 'learning_rate': 0.10205210312256942, 'subsample': 0.9742633168128163, 'colsample_bytree': 0.7780825198361027}",0.9738848205951852
494,"{'max_depth': 8, 'learning_rate': 0.10205210312256942, 'subsample': 0.9742633168128163, 'colsample_bytree': 0.7780825198361027}",0.9738848205951852
495,"{'max_depth': 8, 'learning_rate': 0.10205210312256942, 'subsample': 0.9742633168128163, 'colsample_bytree': 0.7780825198361027}",0.9738848205951852
496,"{'max_depth': 8, 'learning_rate': 0.10205210312256942, 'subsample': 0.9742633168128163, 'colsample_bytree': 0.7780825198361027}",0.9738848205951852
497,"{'max_depth': 8, 'learning_rate': 0.10205210312256942, 'subsample': 0.9742633168128163, 'colsample_bytree': 0.7780825198361027}",0.9738848205951852
498,"{'max_depth': 8, 'learning_rate': 0.10205210312256942, 'subsample': 0.9742633168128163, 'colsample_bytree': 0.7780825198361027}",0.9738848205951852
499,"{'max_depth': 8, 'learning_rate': 0.10205210312256942, 'subsample': 0.9742633168128163, 'colsample_bytree': 0.7780825198361027}",0.9738848205951852
